user_id,watch_time_hours,sessions_per_week,avg_session_mins,completion_rate,action_pct,comedy_pct,drama_pct,thriller_pct,sci_fi_pct,weekend_viewing_pct,days_since_last_watch
USR_0001,23.24,4.4,86.1,0.818,0.109,0.255,0.101,0.46,0.075,0.928,0.5
USR_0002,25.88,8.4,76.4,0.789,0.5536,0.2653,0.022,0.018,0.1411,0.514,3.4
USR_0003,31.29,5.4,66.6,0.697,0.585,0.024,0.034,0.079,0.278,0.439,1.5
USR_0004,19.6,6.3,56.1,0.792,0.422,0.006,0.016,0.134,0.422,0.322,3.1
USR_0005,8.81,3.8,36.0,0.575,0.322,0.414,0.034,0.173,0.057,0.53,5.3
USR_0006,21.05,9.7,81.2,0.752,0.319,0.015,0.052,0.025,0.589,0.434,0.8
USR_0007,23.1,4.0,74.2,0.809,0.1421,0.1732,0.1481,0.3343,0.2023,0.745,6.0
USR_0008,19.9,2.5,87.2,0.791,0.023,0.184,0.477,0.26,0.056,0.82,1.0
USR_0009,3.58,0.9,22.2,0.305,0.148,0.05,0.089,0.525,0.188,0.369,28.0
USR_0010,32.08,14.0,98.3,0.878,0.218,0.104,0.154,0.35,0.174,0.554,0.7
USR_0011,17.95,8.3,62.2,0.666,0.389,0.132,0.049,0.086,0.344,0.333,2.7
USR_0012,36.44,16.0,102.0,0.89,0.164,0.281,0.07,0.42,0.065,0.285,1.4
USR_0013,16.83,4.7,91.8,0.895,0.307,0.08,0.108,0.383,0.122,0.789,4.1
USR_0014,1.7,1.1,20.9,0.198,0.074,0.218,0.086,0.59,0.032,0.542,27.4
USR_0015,1.56,0.9,19.8,0.316,0.235,0.135,0.137,0.229,0.264,0.304,20.2
USR_0016,0.82,0.9,27.7,0.23,0.159,0.194,0.034,0.424,0.189,0.413,42.0
USR_0017,11.28,4.6,36.9,0.626,0.226,0.416,0.049,0.123,0.186,0.391,4.3
USR_0018,1.35,1.2,12.2,0.244,0.171,0.377,0.233,0.2,0.019,0.383,22.9
USR_0019,24.75,7.4,61.5,0.833,0.3616,0.0999,0.1019,0.022,0.4146,0.396,1.8
USR_0020,7.91,4.6,35.1,0.595,0.296,0.249,0.193,0.022,0.24,0.513,3.1
USR_0021,22.78,3.4,59.1,0.783,0.407,0.044,0.302,0.118,0.129,0.778,4.0
USR_0022,37.38,16.6,129.2,0.879,0.092,0.171,0.208,0.385,0.144,0.517,0.8
USR_0023,7.83,5.2,40.7,0.475,0.176,0.343,0.117,0.054,0.31,0.279,5.5
USR_0024,21.06,3.7,77.5,0.888,0.049,0.4134,0.1972,0.1081,0.2323,0.857,3.1
USR_0025,38.85,11.4,120.9,0.873,0.177,0.279,0.038,0.298,0.208,0.418,1.1
USR_0026,10.03,3.1,45.9,0.593,0.2048,0.4665,0.1718,0.049,0.1079,0.466,7.1
USR_0027,33.9,15.3,79.2,0.885,0.6034,0.0539,0.1009,0.0679,0.1739,0.386,1.5
USR_0028,2.3,1.4,21.5,0.354,0.034,0.118,0.108,0.099,0.641,0.268,25.1
USR_0029,0.98,1.9,23.0,0.262,0.151,0.135,0.547,0.125,0.042,0.12,30.2
USR_0030,1.79,1.3,21.3,0.434,0.2713,0.5806,0.041,0.049,0.0581,0.465,27.5
USR_0031,7.4,2.9,30.6,0.551,0.2422,0.2322,0.2793,0.035,0.2113,0.27,4.9
USR_0032,29.85,12.2,111.0,0.881,0.105,0.184,0.186,0.2,0.325,0.55,1.5
USR_0033,17.98,3.4,88.0,0.68,0.08,0.328,0.229,0.169,0.194,0.806,3.6
USR_0034,16.56,4.9,91.9,0.833,0.096,0.102,0.46,0.223,0.119,0.862,1.6
USR_0035,8.76,5.5,39.9,0.614,0.231,0.525,0.088,0.061,0.095,0.396,6.4
USR_0036,36.29,16.6,76.9,0.858,0.167,0.173,0.183,0.236,0.241,0.441,2.3
USR_0037,19.72,4.5,47.0,0.803,0.4206,0.0669,0.0719,0.047,0.3936,0.394,1.1
USR_0038,22.72,6.5,76.0,0.717,0.025,0.232,0.259,0.359,0.125,0.701,2.4
USR_0039,2.1,1.3,25.5,0.251,0.021,0.5816,0.2262,0.1341,0.0371,0.361,23.4
USR_0040,40.88,13.2,75.6,0.878,0.2897,0.1069,0.1159,0.2108,0.2767,0.394,0.8
USR_0041,9.65,3.5,48.2,0.578,0.1942,0.1752,0.3143,0.1151,0.2012,0.476,6.6
USR_0042,37.48,15.5,83.0,0.9,0.155,0.429,0.134,0.074,0.208,0.418,0.9
USR_0043,6.36,4.1,31.8,0.423,0.187,0.325,0.195,0.079,0.214,0.413,3.5
USR_0044,2.58,0.7,16.8,0.445,0.0581,0.1682,0.2262,0.1161,0.4314,0.208,20.9
USR_0045,9.62,3.2,38.2,0.571,0.418,0.186,0.233,0.083,0.08,0.518,5.1
USR_0046,4.81,3.1,41.0,0.525,0.348,0.268,0.321,0.019,0.044,0.353,2.7
USR_0047,1.34,1.4,20.1,0.313,0.174,0.155,0.148,0.466,0.057,0.381,37.2
USR_0048,11.9,4.4,77.2,0.713,0.271,0.029,0.2,0.471,0.029,0.75,2.7
USR_0049,7.7,2.9,35.5,0.697,0.292,0.29,0.104,0.058,0.256,0.336,5.0
USR_0050,1.85,1.2,27.4,0.302,0.498,0.113,0.19,0.153,0.046,0.34,32.2
USR_0051,17.55,4.4,72.0,0.875,0.3073,0.1451,0.1371,0.3113,0.0992,0.825,1.9
USR_0052,1.54,0.6,20.7,0.391,0.0901,0.0831,0.1381,0.6276,0.0611,0.331,32.0
USR_0053,8.85,3.0,46.6,0.558,0.2877,0.3856,0.2308,0.047,0.0489,0.38,6.2
USR_0054,19.33,5.2,58.9,0.913,0.2663,0.1922,0.3914,0.1011,0.049,0.801,3.8
USR_0055,28.88,15.9,98.0,0.9,0.063,0.379,0.321,0.144,0.093,0.329,2.1
USR_0056,32.99,11.2,91.1,0.866,0.1341,0.0751,0.2302,0.3033,0.2573,0.446,1.0
USR_0057,17.46,3.5,77.9,0.806,0.2062,0.0751,0.3053,0.3283,0.0851,0.796,1.8
USR_0058,33.68,12.4,94.1,0.93,0.1361,0.1912,0.2012,0.3223,0.1492,0.405,1.8
USR_0059,10.17,5.1,41.9,0.636,0.1311,0.3233,0.1021,0.0751,0.3684,0.477,3.2
USR_0060,14.9,7.7,83.4,0.703,0.2452,0.1081,0.003,0.0611,0.5826,0.372,1.3
USR_0061,9.37,3.2,29.8,0.707,0.4216,0.2707,0.027,0.2597,0.021,0.355,3.2
USR_0062,41.15,11.8,116.3,0.878,0.1852,0.0941,0.1471,0.3403,0.2333,0.551,1.5
USR_0063,14.45,3.4,57.6,0.87,0.0859,0.0699,0.3237,0.2208,0.2997,0.824,2.5
USR_0064,55.26,10.1,104.7,0.96,0.028,0.0759,0.5105,0.3217,0.0639,0.458,1.1
USR_0065,16.83,3.7,94.3,0.889,0.2607,0.0779,0.3427,0.1778,0.1409,0.81,5.0
USR_0066,30.22,10.5,73.7,0.648,0.4374,0.0531,0.0561,0.0631,0.3903,0.368,1.9
USR_0067,19.39,8.7,91.3,0.866,0.495,0.006,0.013,0.074,0.412,0.351,2.9
USR_0068,0.97,1.5,17.4,0.414,0.565,0.158,0.051,0.046,0.18,0.334,27.1
USR_0069,37.81,13.5,98.8,0.888,0.228,0.245,0.142,0.147,0.238,0.481,1.0
USR_0070,19.63,2.8,97.3,0.833,0.1968,0.0699,0.3566,0.3087,0.068,0.734,4.0
USR_0071,36.87,15.7,92.2,0.951,0.092,0.221,0.385,0.254,0.048,0.367,1.8
USR_0072,11.67,4.5,107.3,0.904,0.1121,0.0591,0.3734,0.3353,0.1201,0.746,3.3
USR_0073,21.3,5.4,70.2,0.726,0.0521,0.1912,0.5345,0.1742,0.048,0.763,3.4
USR_0074,26.25,8.7,66.4,0.74,0.4404,0.044,0.1522,0.032,0.3314,0.389,3.1
USR_0075,9.13,3.1,47.3,0.514,0.238,0.31,0.332,0.082,0.038,0.381,1.0
USR_0076,6.99,2.3,38.9,0.643,0.237,0.606,0.041,0.004,0.112,0.364,7.5
USR_0077,26.43,8.5,80.3,0.767,0.4955,0.042,0.0759,0.023,0.3636,0.456,4.1
USR_0078,36.98,15.7,110.7,0.873,0.1071,0.0701,0.2943,0.3443,0.1842,0.476,1.3
USR_0079,22.89,3.8,68.3,0.792,0.0641,0.4805,0.1562,0.2503,0.0489,0.813,1.6
USR_0080,11.26,2.8,31.9,0.681,0.232,0.486,0.153,0.019,0.11,0.28,5.9
USR_0081,23.07,7.9,84.7,0.686,0.3373,0.0531,0.0911,0.021,0.4975,0.425,3.5
USR_0082,35.64,13.7,86.7,0.881,0.3397,0.0529,0.2088,0.3217,0.0769,0.531,0.1
USR_0083,10.49,3.8,39.5,0.614,0.2152,0.1902,0.3203,0.033,0.2413,0.285,4.5
USR_0084,41.02,15.3,82.9,0.894,0.171,0.217,0.248,0.225,0.139,0.465,0.7
USR_0085,10.11,3.1,44.2,0.417,0.2953,0.2242,0.2352,0.1722,0.0731,0.333,5.0
USR_0086,24.12,4.5,111.8,0.835,0.1928,0.1359,0.2388,0.3786,0.0539,0.832,2.7
USR_0087,2.35,0.9,26.1,0.388,0.2563,0.3554,0.2803,0.0531,0.0549,0.215,23.1
USR_0088,21.03,7.9,60.9,0.784,0.3506,0.049,0.0799,0.012,0.5085,0.31,1.5
USR_0089,17.88,9.6,71.8,0.684,0.4376,0.1129,0.0539,0.044,0.3516,0.361,2.5
USR_0090,10.98,4.1,38.2,0.534,0.3017,0.2128,0.1628,0.2218,0.1009,0.355,6.6
USR_0091,10.77,2.1,30.7,0.584,0.3067,0.1608,0.1459,0.2198,0.1668,0.32,3.6
USR_0092,6.72,2.9,28.0,0.597,0.103,0.327,0.324,0.085,0.161,0.475,2.7
USR_0093,23.21,6.3,87.7,0.792,0.123,0.073,0.126,0.347,0.331,0.825,3.4
USR_0094,33.57,10.3,97.8,0.879,0.1642,0.5255,0.0751,0.1582,0.077,0.371,1.8
USR_0095,23.02,5.9,60.8,0.718,0.563,0.072,0.011,0.033,0.321,0.375,0.7
USR_0096,10.16,3.3,34.4,0.505,0.3506,0.2587,0.2088,0.0659,0.116,0.33,4.2
USR_0097,18.62,10.3,52.7,0.766,0.623,0.001,0.075,0.007,0.294,0.463,2.4
USR_0098,33.35,15.2,98.6,0.856,0.2,0.191,0.14,0.323,0.146,0.464,1.2
USR_0099,30.02,11.3,102.9,0.91,0.119,0.129,0.39,0.24,0.122,0.288,1.1
USR_0100,16.01,8.0,58.5,0.809,0.266,0.083,0.161,0.007,0.483,0.482,0.3
USR_0101,23.79,10.2,73.7,0.759,0.33,0.148,0.006,0.011,0.505,0.505,1.0
USR_0102,3.75,4.8,31.7,0.574,0.224,0.137,0.363,0.199,0.077,0.55,2.9
USR_0103,1.91,1.0,24.5,0.231,0.074,0.167,0.43,0.138,0.191,0.365,24.9
USR_0104,10.42,5.0,48.6,0.574,0.076,0.619,0.24,0.025,0.04,0.415,3.6
USR_0105,15.55,3.7,83.6,0.79,0.132,0.155,0.394,0.22,0.099,0.854,2.3
USR_0106,18.24,5.1,104.7,0.865,0.077,0.142,0.277,0.376,0.128,0.785,2.8
USR_0107,21.18,3.5,76.4,0.832,0.3477,0.0962,0.2485,0.1834,0.1242,0.88,1.6
USR_0108,2.67,0.7,22.8,0.383,0.54,0.026,0.37,0.016,0.048,0.128,23.5
USR_0109,34.77,16.1,70.1,0.863,0.2492,0.1261,0.1832,0.1471,0.2944,0.361,2.2
USR_0110,2.26,1.1,22.4,0.321,0.194,0.08,0.069,0.602,0.055,0.326,29.9
USR_0111,17.42,2.8,82.6,0.853,0.3063,0.1612,0.3864,0.1121,0.034,0.792,3.6
USR_0112,27.73,10.2,69.6,0.852,0.481,0.054,0.05,0.002,0.413,0.447,3.4
USR_0113,1.57,1.1,21.9,0.133,0.0691,0.1031,0.017,0.4294,0.3814,0.184,40.0
USR_0114,22.98,7.3,57.4,0.756,0.268,0.181,0.017,0.064,0.47,0.459,3.5
USR_0115,40.58,16.8,72.2,0.887,0.158,0.071,0.131,0.072,0.568,0.341,0.7
USR_0116,9.37,3.5,36.2,0.526,0.1822,0.2853,0.2913,0.1171,0.1241,0.425,2.8
USR_0117,34.88,13.0,117.3,0.887,0.171,0.035,0.099,0.142,0.553,0.357,0.9
USR_0118,3.21,1.3,18.0,0.365,0.013,0.377,0.078,0.26,0.272,0.409,12.8
USR_0119,25.67,6.9,73.8,0.778,0.097,0.183,0.46,0.121,0.139,0.9,2.1
USR_0120,6.84,3.3,23.5,0.665,0.081,0.454,0.148,0.244,0.073,0.371,4.0
USR_0121,2.17,1.6,28.8,0.275,0.277,0.14,0.447,0.022,0.114,0.341,28.0
USR_0122,13.64,3.1,35.3,0.643,0.275,0.234,0.016,0.149,0.326,0.413,6.8
USR_0123,22.18,7.7,86.5,0.823,0.442,0.0,0.038,0.067,0.453,0.34,3.4
USR_0124,6.94,4.6,40.0,0.668,0.21,0.341,0.175,0.12,0.154,0.386,6.3
USR_0125,10.95,2.3,45.0,0.55,0.459,0.307,0.166,0.05,0.018,0.391,3.6
USR_0126,16.56,5.8,89.0,0.766,0.4056,0.1039,0.2607,0.0819,0.1479,0.93,1.9
USR_0127,11.22,7.0,78.7,0.729,0.065,0.032,0.589,0.096,0.218,0.869,1.2
USR_0128,8.5,3.6,33.9,0.574,0.2248,0.3526,0.1259,0.1668,0.1299,0.427,3.0
USR_0129,1.75,0.9,22.5,0.32,0.254,0.085,0.117,0.123,0.421,0.511,28.9
USR_0130,21.96,7.3,73.5,0.647,0.146,0.011,0.099,0.026,0.718,0.376,1.9
USR_0131,11.13,3.8,70.8,0.803,0.143,0.252,0.255,0.165,0.185,0.919,4.4
USR_0132,2.05,1.1,29.8,0.319,0.0759,0.1948,0.0679,0.0509,0.6105,0.376,27.8
USR_0133,4.91,4.8,27.7,0.585,0.2352,0.5666,0.1321,0.048,0.0181,0.339,4.2
USR_0134,2.43,1.6,25.3,0.322,0.311,0.271,0.125,0.199,0.094,0.445,19.2
USR_0135,19.92,4.7,58.1,0.779,0.0829,0.2298,0.2777,0.2887,0.1209,0.797,3.3
USR_0136,40.66,15.0,102.5,0.924,0.035,0.154,0.24,0.277,0.294,0.501,0.8
USR_0137,39.96,12.2,99.1,0.887,0.0759,0.0909,0.2597,0.2278,0.3457,0.325,2.2
USR_0138,39.79,14.2,95.8,0.952,0.198,0.052,0.468,0.123,0.159,0.315,1.1
USR_0139,36.55,13.3,91.9,0.909,0.0969,0.2038,0.2438,0.3147,0.1408,0.328,1.2
USR_0140,35.82,12.7,91.7,0.896,0.217,0.228,0.177,0.201,0.177,0.428,0.3
USR_0141,28.61,13.4,84.4,0.818,0.1179,0.2547,0.2378,0.0789,0.3107,0.406,2.0
USR_0142,8.14,4.3,38.2,0.525,0.2683,0.2523,0.0721,0.3343,0.073,0.496,6.7
USR_0143,23.02,7.8,76.8,0.826,0.4026,0.028,0.1449,0.1289,0.2956,0.301,3.3
USR_0144,8.75,3.3,47.6,0.619,0.1009,0.5415,0.1718,0.0609,0.1249,0.478,3.5
USR_0145,2.18,1.3,26.6,0.342,0.215,0.239,0.101,0.104,0.341,0.353,19.0
USR_0146,2.37,1.7,22.2,0.368,0.117,0.135,0.094,0.155,0.499,0.253,24.7
USR_0147,18.4,6.6,85.9,0.836,0.384,0.025,0.075,0.047,0.469,0.519,4.3
USR_0148,6.54,4.8,27.7,0.534,0.2042,0.2252,0.2222,0.0641,0.2843,0.438,4.6
USR_0149,18.92,6.7,65.6,0.762,0.4935,0.1588,0.001,0.017,0.3297,0.492,1.6
USR_0150,9.15,4.4,31.8,0.66,0.2462,0.5716,0.0591,0.0691,0.054,0.434,2.3
USR_0151,23.08,2.7,75.5,0.863,0.091,0.151,0.196,0.44,0.122,0.887,2.3
USR_0152,30.04,18.8,88.8,0.883,0.2673,0.0981,0.2122,0.2993,0.1231,0.364,1.4
USR_0153,1.7,1.1,20.0,0.454,0.058,0.411,0.245,0.207,0.079,0.268,26.2
USR_0154,10.91,3.8,30.6,0.535,0.427,0.108,0.283,0.144,0.038,0.293,4.9
USR_0155,2.29,0.8,31.9,0.348,0.0721,0.4855,0.0531,0.037,0.3523,0.216,16.4
USR_0156,17.21,4.0,64.1,0.701,0.019,0.1888,0.3067,0.1588,0.3267,0.753,1.7
USR_0157,7.32,4.8,44.6,0.682,0.3994,0.2633,0.1602,0.1031,0.074,0.359,5.2
USR_0158,22.46,6.3,82.0,0.735,0.4086,0.015,0.035,0.1189,0.4225,0.565,1.4
USR_0159,33.6,14.2,108.0,0.892,0.063,0.111,0.194,0.209,0.423,0.22,0.3
USR_0160,2.39,0.6,23.0,0.276,0.2703,0.0851,0.04,0.5415,0.0631,0.185,25.2
USR_0161,22.85,4.7,81.6,0.801,0.132,0.337,0.106,0.331,0.094,0.895,2.1
USR_0162,22.24,7.1,69.1,0.782,0.147,0.031,0.034,0.097,0.691,0.572,1.3
USR_0163,20.31,5.2,88.1,0.805,0.058,0.091,0.404,0.304,0.143,0.832,1.9
USR_0164,21.12,6.4,74.0,0.641,0.438,0.012,0.156,0.001,0.393,0.5,1.0
USR_0165,2.12,1.8,12.2,0.309,0.021,0.0939,0.3596,0.3037,0.2218,0.546,15.5
USR_0166,26.22,7.6,74.2,0.795,0.593,0.018,0.005,0.013,0.371,0.25,0.7
USR_0167,10.3,4.5,41.9,0.625,0.241,0.434,0.137,0.078,0.11,0.398,1.6
USR_0168,18.57,7.0,77.9,0.732,0.561,0.138,0.072,0.016,0.213,0.428,2.0
USR_0169,11.56,4.6,40.3,0.586,0.3353,0.3984,0.1522,0.1011,0.013,0.55,4.3
USR_0170,10.19,3.2,34.4,0.539,0.162,0.467,0.182,0.159,0.03,0.463,6.3
USR_0171,9.59,1.5,36.7,0.478,0.1502,0.3393,0.3654,0.0891,0.056,0.354,3.2
USR_0172,20.38,2.4,68.8,0.766,0.1698,0.1189,0.2507,0.4076,0.053,0.82,0.9
USR_0173,26.41,14.0,96.2,0.908,0.1888,0.2318,0.1419,0.2168,0.2207,0.32,1.3
USR_0174,1.27,1.1,15.0,0.338,0.2062,0.1111,0.2963,0.1211,0.2653,0.356,12.0
USR_0175,25.19,5.0,75.5,0.86,0.307,0.281,0.169,0.161,0.082,0.757,2.1
USR_0176,12.71,3.8,33.5,0.634,0.341,0.134,0.456,0.047,0.022,0.396,6.1
USR_0177,8.02,3.4,28.3,0.565,0.0871,0.3864,0.3504,0.04,0.1361,0.251,5.7
USR_0178,12.49,4.6,32.3,0.556,0.275,0.244,0.177,0.138,0.166,0.398,6.0
USR_0179,19.09,6.9,79.7,0.692,0.554,0.119,0.045,0.032,0.25,0.488,1.7
USR_0180,20.28,8.6,68.0,0.74,0.2537,0.1628,0.001,0.1898,0.3927,0.574,4.5
USR_0181,13.9,4.0,72.1,0.837,0.148,0.273,0.465,0.041,0.073,0.85,3.5
USR_0182,26.67,8.2,79.3,0.807,0.406,0.026,0.019,0.052,0.497,0.36,1.9
USR_0183,3.22,2.1,38.5,0.532,0.037,0.5275,0.2038,0.1279,0.1038,0.286,3.7
USR_0184,21.55,5.3,65.0,0.819,0.172,0.138,0.221,0.36,0.109,0.781,2.3
USR_0185,1.34,1.1,22.1,0.235,0.1812,0.0921,0.1802,0.1191,0.4274,0.275,26.0
USR_0186,34.39,13.4,105.8,0.907,0.1089,0.1299,0.5435,0.0559,0.1618,0.376,0.9
USR_0187,7.04,3.8,23.7,0.574,0.5594,0.1998,0.0669,0.0679,0.106,0.316,4.0
USR_0188,7.52,2.7,26.9,0.562,0.349,0.401,0.164,0.051,0.035,0.425,3.8
USR_0189,2.37,1.2,20.4,0.289,0.048,0.0631,0.4354,0.3033,0.1502,0.371,38.1
USR_0190,27.26,8.5,69.3,0.728,0.396,0.039,0.108,0.037,0.42,0.448,1.4
USR_0191,2.11,0.9,24.9,0.342,0.201,0.041,0.103,0.094,0.561,0.367,20.1
USR_0192,14.01,7.4,73.5,0.826,0.345,0.06,0.106,0.013,0.476,0.319,2.2
USR_0193,20.16,7.7,74.8,0.685,0.5105,0.1658,0.006,0.1698,0.1479,0.446,0.0
USR_0194,30.29,14.1,76.9,0.905,0.2312,0.2603,0.1792,0.1652,0.1641,0.446,1.8
USR_0195,39.26,15.6,79.5,0.851,0.333,0.13,0.168,0.193,0.176,0.465,1.2
USR_0196,6.36,3.8,23.2,0.512,0.3047,0.3457,0.027,0.2198,0.1028,0.442,4.4
USR_0197,9.65,5.6,48.5,0.599,0.18,0.151,0.079,0.147,0.443,0.536,4.4
USR_0198,38.58,16.3,91.8,0.906,0.238,0.093,0.104,0.418,0.147,0.507,1.0
USR_0199,13.58,4.5,77.4,0.818,0.421,0.091,0.295,0.086,0.107,0.824,3.3
USR_0200,36.46,15.8,96.4,0.947,0.334,0.179,0.155,0.193,0.139,0.341,1.6
USR_0201,34.54,14.9,86.9,0.898,0.155,0.145,0.122,0.278,0.3,0.446,2.7
USR_0202,12.81,4.1,89.5,0.85,0.0931,0.1411,0.3884,0.1602,0.2172,0.852,3.8
USR_0203,24.12,7.1,45.3,0.832,0.3447,0.031,0.011,0.0829,0.5304,0.414,1.7
USR_0204,13.17,5.2,95.4,0.8,0.1421,0.2563,0.1231,0.3574,0.1211,0.865,2.8
USR_0205,1.83,1.4,20.6,0.43,0.3477,0.014,0.1868,0.2078,0.2437,0.269,34.7
USR_0206,15.77,5.4,66.6,0.817,0.18,0.093,0.331,0.34,0.056,0.891,3.4
USR_0207,38.06,14.3,121.3,0.938,0.111,0.307,0.207,0.089,0.286,0.307,1.8
USR_0208,2.03,1.2,17.0,0.319,0.0639,0.3117,0.2547,0.0979,0.2718,0.311,23.2
USR_0209,23.08,4.3,90.6,0.916,0.158,0.063,0.357,0.219,0.203,0.887,2.4
USR_0210,22.77,8.9,51.2,0.728,0.248,0.07,0.044,0.134,0.504,0.478,4.3
USR_0211,42.78,9.7,88.2,0.873,0.318,0.128,0.146,0.039,0.369,0.6,0.5
USR_0212,42.54,17.4,89.2,0.859,0.092,0.127,0.252,0.31,0.219,0.404,0.8
USR_0213,1.68,1.0,20.5,0.232,0.161,0.17,0.247,0.217,0.205,0.167,22.6
USR_0214,26.78,6.5,75.6,0.663,0.5826,0.0551,0.0901,0.022,0.2502,0.413,2.0
USR_0215,18.77,6.6,76.1,0.775,0.348,0.084,0.042,0.053,0.473,0.442,2.3
USR_0216,8.6,3.9,35.1,0.565,0.3243,0.1451,0.2943,0.0511,0.1852,0.332,3.6
USR_0217,18.74,8.8,65.1,0.747,0.2993,0.1271,0.037,0.0801,0.4565,0.467,0.8
USR_0218,6.0,4.4,32.7,0.57,0.174,0.207,0.119,0.264,0.236,0.402,3.9
USR_0219,1.62,1.5,24.9,0.302,0.252,0.172,0.196,0.34,0.04,0.367,24.3
USR_0220,21.92,8.2,69.6,0.748,0.299,0.085,0.123,0.018,0.475,0.457,2.7
USR_0221,8.87,6.0,47.4,0.587,0.253,0.281,0.054,0.069,0.343,0.31,2.9
USR_0222,23.48,5.5,77.8,0.728,0.5594,0.044,0.044,0.021,0.3316,0.481,2.6
USR_0223,2.12,1.3,19.7,0.326,0.088,0.165,0.295,0.373,0.079,0.432,22.8
USR_0224,27.18,14.3,107.3,0.948,0.367,0.316,0.152,0.037,0.128,0.352,1.2
USR_0225,2.14,1.4,15.6,0.197,0.049,0.424,0.018,0.353,0.156,0.198,30.6
USR_0226,39.24,15.5,66.1,0.879,0.1612,0.2222,0.2002,0.3584,0.058,0.587,0.9
USR_0227,13.73,5.6,95.7,0.814,0.1461,0.3564,0.1371,0.1021,0.2583,0.774,2.7
USR_0228,3.5,4.6,42.5,0.576,0.2673,0.3433,0.0831,0.2102,0.0961,0.369,6.5
USR_0229,1.74,1.4,19.2,0.299,0.2903,0.1572,0.1431,0.0571,0.3523,0.347,30.2
USR_0230,16.55,3.2,80.6,0.782,0.1,0.286,0.161,0.41,0.043,0.787,2.7
USR_0231,8.08,4.4,45.1,0.67,0.09,0.144,0.357,0.124,0.285,0.55,4.6
USR_0232,1.59,1.8,23.2,0.243,0.271,0.004,0.223,0.24,0.262,0.353,25.6
USR_0233,18.23,3.7,65.3,0.714,0.204,0.055,0.398,0.341,0.002,0.797,0.7
USR_0234,20.59,3.8,118.3,0.777,0.2687,0.4146,0.0819,0.1638,0.071,0.842,3.6
USR_0235,30.71,16.3,114.1,0.905,0.23,0.295,0.139,0.262,0.074,0.456,2.3
USR_0236,45.26,16.0,62.8,0.926,0.4224,0.1181,0.3023,0.0831,0.0741,0.454,1.4
USR_0237,4.45,4.3,40.2,0.594,0.1512,0.1431,0.5005,0.1732,0.032,0.502,3.9
USR_0238,1.79,1.6,15.9,0.291,0.1231,0.0661,0.2673,0.4044,0.1391,0.244,29.2
USR_0239,37.07,10.6,92.8,0.855,0.13,0.291,0.184,0.162,0.233,0.42,1.3
USR_0240,5.81,2.9,29.4,0.593,0.1842,0.6486,0.024,0.0651,0.0781,0.264,6.2
USR_0241,43.62,10.5,93.8,0.858,0.0679,0.1758,0.2907,0.3307,0.1349,0.409,1.9
USR_0242,29.11,15.4,91.6,0.855,0.038,0.1708,0.1708,0.2777,0.3427,0.463,1.5
USR_0243,21.25,4.7,94.1,0.766,0.009,0.172,0.08,0.332,0.407,0.749,4.2
USR_0244,20.05,5.7,69.5,0.736,0.572,0.016,0.052,0.018,0.342,0.454,0.6
USR_0245,9.45,3.8,39.0,0.542,0.4685,0.2192,0.022,0.0521,0.2382,0.472,4.4
USR_0246,35.63,15.4,86.5,0.952,0.415,0.227,0.196,0.099,0.063,0.56,1.2
USR_0247,7.25,4.7,31.4,0.566,0.554,0.069,0.115,0.054,0.208,0.409,4.4
USR_0248,34.5,14.7,81.3,0.919,0.1968,0.2008,0.1229,0.2378,0.2417,0.412,1.5
USR_0249,31.96,14.0,84.3,0.901,0.2887,0.0799,0.2977,0.0849,0.2488,0.341,1.1
USR_0250,7.62,3.9,40.5,0.515,0.294,0.441,0.163,0.021,0.081,0.424,5.0
USR_0251,43.39,15.6,85.7,0.855,0.1572,0.1692,0.2192,0.3063,0.1481,0.493,1.3
USR_0252,2.46,1.0,16.3,0.474,0.1041,0.4364,0.1211,0.2563,0.0821,0.311,34.6
USR_0253,23.57,5.7,81.4,0.671,0.4625,0.1149,0.0549,0.014,0.3537,0.466,3.3
USR_0254,2.61,1.5,21.5,0.407,0.1161,0.2202,0.0861,0.3223,0.2553,0.337,20.4
USR_0255,10.66,2.3,38.7,0.56,0.183,0.603,0.071,0.068,0.075,0.479,5.2
USR_0256,10.78,3.6,30.4,0.572,0.224,0.262,0.167,0.213,0.134,0.272,5.0
USR_0257,21.22,4.8,86.1,0.75,0.115,0.156,0.123,0.393,0.213,0.925,2.6
USR_0258,1.98,1.0,23.6,0.2,0.155,0.032,0.127,0.38,0.306,0.429,31.0
USR_0259,2.58,1.1,35.0,0.301,0.4545,0.2887,0.1279,0.022,0.1069,0.32,28.4
USR_0260,34.83,16.4,104.4,0.884,0.455,0.198,0.161,0.113,0.073,0.337,2.5
USR_0261,28.45,8.0,63.2,0.857,0.2863,0.1522,0.001,0.1311,0.4294,0.443,3.5
USR_0262,22.6,4.9,91.4,0.741,0.047,0.0869,0.2807,0.2398,0.3456,0.764,1.0
USR_0263,37.31,13.3,89.6,0.887,0.1838,0.2298,0.0849,0.3377,0.1638,0.464,0.0
USR_0264,11.48,3.1,44.6,0.584,0.2633,0.2492,0.2953,0.0701,0.1221,0.312,1.7
USR_0265,8.75,3.7,44.7,0.501,0.4835,0.2438,0.1209,0.0999,0.0519,0.307,6.1
USR_0266,2.39,1.2,26.9,0.285,0.343,0.41,0.067,0.094,0.086,0.213,28.0
USR_0267,24.0,9.2,53.5,0.806,0.2857,0.1269,0.0659,0.0809,0.4406,0.558,1.3
USR_0268,9.51,5.5,37.4,0.51,0.097,0.543,0.136,0.153,0.071,0.47,3.5
USR_0269,17.22,5.9,109.6,0.847,0.1261,0.2152,0.1722,0.2993,0.1872,0.866,3.0
USR_0270,6.67,4.7,33.2,0.478,0.3994,0.2422,0.1942,0.0761,0.0881,0.326,4.7
USR_0271,19.62,6.4,86.0,0.821,0.043,0.1051,0.3884,0.3534,0.1101,0.775,5.9
USR_0272,41.71,14.9,100.5,0.877,0.229,0.074,0.279,0.255,0.163,0.353,0.8
USR_0273,2.46,1.2,27.3,0.261,0.1968,0.2188,0.0619,0.3487,0.1738,0.414,29.7
USR_0274,8.54,3.4,44.9,0.677,0.1441,0.4004,0.025,0.1962,0.2343,0.356,4.2
USR_0275,23.55,3.0,92.8,0.749,0.032,0.095,0.367,0.289,0.217,0.801,4.0
USR_0276,38.71,15.5,80.2,0.924,0.061,0.193,0.279,0.215,0.252,0.573,2.0
USR_0277,31.58,17.4,106.5,0.847,0.072,0.147,0.231,0.211,0.339,0.494,0.1
USR_0278,21.53,5.3,90.1,0.778,0.1842,0.0701,0.2262,0.4274,0.0921,0.933,2.2
USR_0279,37.79,12.8,102.6,0.829,0.16,0.015,0.156,0.31,0.359,0.531,2.1
USR_0280,25.47,8.0,69.1,0.7,0.417,0.029,0.026,0.039,0.489,0.371,3.0
USR_0281,22.63,5.9,95.3,0.82,0.097,0.065,0.38,0.191,0.267,0.772,2.3
USR_0282,28.36,7.8,70.0,0.761,0.2687,0.006,0.024,0.006,0.6953,0.436,0.6
USR_0283,11.35,3.1,33.1,0.6,0.191,0.469,0.235,0.015,0.09,0.309,5.0
USR_0284,8.85,2.6,35.0,0.569,0.323,0.174,0.324,0.009,0.17,0.331,6.1
USR_0285,41.68,9.5,110.8,0.848,0.103,0.26,0.216,0.225,0.196,0.485,1.2
USR_0286,24.18,5.5,85.8,0.703,0.3884,0.0881,0.021,0.019,0.4835,0.566,2.4
USR_0287,10.53,2.4,42.4,0.57,0.264,0.078,0.181,0.14,0.337,0.325,4.3
USR_0288,8.63,3.2,38.1,0.501,0.145,0.253,0.43,0.037,0.135,0.4,6.7
USR_0289,7.46,3.2,32.2,0.524,0.1169,0.4945,0.2617,0.0739,0.053,0.365,3.6
USR_0290,2.31,1.1,23.1,0.36,0.4995,0.039,0.1708,0.1329,0.1578,0.12,23.4
USR_0291,2.12,2.2,23.2,0.325,0.1708,0.2218,0.2987,0.0939,0.2148,0.326,22.6
USR_0292,21.06,6.3,65.0,0.764,0.344,0.184,0.197,0.059,0.216,0.414,3.0
USR_0293,25.82,3.5,75.9,0.819,0.036,0.15,0.372,0.177,0.265,0.941,3.0
USR_0294,13.84,2.0,120.3,0.869,0.104,0.127,0.3,0.237,0.232,0.746,3.0
USR_0295,8.64,4.7,34.9,0.72,0.323,0.322,0.107,0.191,0.057,0.287,4.4
USR_0296,15.01,4.8,85.1,0.816,0.1778,0.0609,0.2717,0.4645,0.0251,0.876,4.2
USR_0297,2.27,1.1,12.6,0.381,0.122,0.563,0.146,0.047,0.122,0.302,26.8
USR_0298,9.18,3.5,35.0,0.617,0.393,0.23,0.216,0.089,0.072,0.371,1.5
USR_0299,39.84,11.6,81.8,0.94,0.332,0.065,0.218,0.25,0.135,0.336,0.9
USR_0300,32.43,12.3,87.9,0.821,0.0761,0.1171,0.1862,0.3674,0.2532,0.323,2.3
USR_0301,14.55,6.1,91.1,0.767,0.2042,0.2042,0.2152,0.1612,0.2152,0.856,1.8
USR_0302,7.28,4.1,31.9,0.596,0.3273,0.1772,0.015,0.3804,0.1001,0.411,3.3
USR_0303,18.3,3.6,70.3,0.783,0.1061,0.038,0.1712,0.5095,0.1752,0.786,3.0
USR_0304,5.03,3.0,48.8,0.615,0.261,0.355,0.067,0.167,0.15,0.54,5.6
USR_0305,14.87,7.3,54.0,0.764,0.6947,0.041,0.005,0.1391,0.1202,0.423,2.2
USR_0306,2.97,1.4,30.4,0.191,0.125,0.118,0.365,0.282,0.11,0.182,28.5
USR_0307,9.51,6.1,18.0,0.656,0.296,0.211,0.172,0.077,0.244,0.375,3.8
USR_0308,16.01,5.6,83.2,0.868,0.2577,0.1778,0.2228,0.2428,0.0989,0.814,2.0
USR_0309,1.95,1.2,27.4,0.187,0.125,0.483,0.109,0.17,0.113,0.55,23.3
USR_0310,19.64,3.9,70.0,0.783,0.145,0.162,0.381,0.241,0.071,0.856,2.1
USR_0311,19.7,2.8,74.1,0.875,0.173,0.06,0.397,0.089,0.281,0.799,2.5
USR_0312,18.38,4.8,100.1,0.768,0.119,0.176,0.267,0.232,0.206,0.872,3.8
USR_0313,17.78,5.1,75.7,0.802,0.019,0.1471,0.1992,0.4625,0.1722,0.783,2.3
USR_0314,23.28,5.8,51.6,0.76,0.2743,0.0721,0.028,0.2783,0.3473,0.6,2.5
USR_0315,6.68,3.9,33.6,0.545,0.264,0.456,0.087,0.163,0.03,0.327,4.1
USR_0316,10.21,4.7,30.5,0.627,0.2068,0.2288,0.1339,0.018,0.4125,0.433,6.7
USR_0317,12.83,3.0,35.3,0.582,0.17,0.417,0.297,0.112,0.004,0.391,2.7
USR_0318,7.82,3.1,37.5,0.639,0.223,0.181,0.186,0.275,0.135,0.425,6.0
USR_0319,18.89,7.0,53.1,0.771,0.4755,0.04,0.0789,0.046,0.3596,0.418,2.5
USR_0320,40.77,13.4,91.2,0.825,0.114,0.131,0.188,0.229,0.338,0.531,1.7
USR_0321,26.06,15.4,105.5,0.921,0.3247,0.1309,0.1828,0.2757,0.0859,0.332,1.5
USR_0322,38.61,14.2,106.6,0.93,0.402,0.127,0.048,0.348,0.075,0.439,1.6
USR_0323,7.51,3.9,18.0,0.574,0.164,0.465,0.117,0.086,0.168,0.527,5.2
USR_0324,22.21,5.0,68.2,0.87,0.387,0.036,0.355,0.202,0.02,0.776,6.0
USR_0325,21.23,7.1,70.6,0.794,0.243,0.056,0.003,0.118,0.58,0.41,2.9
USR_0326,21.81,5.2,76.9,0.869,0.152,0.231,0.223,0.327,0.067,0.748,3.6
USR_0327,8.97,5.2,27.1,0.537,0.243,0.537,0.056,0.039,0.125,0.349,6.2
USR_0328,18.32,4.4,83.6,0.818,0.43,0.161,0.25,0.101,0.058,0.879,2.9
USR_0329,17.56,8.2,51.4,0.811,0.448,0.062,0.166,0.075,0.249,0.471,2.5
USR_0330,38.37,13.6,91.9,0.829,0.1522,0.3403,0.3293,0.1101,0.0681,0.6,0.7
USR_0331,22.23,4.8,78.5,0.76,0.4496,0.007,0.015,0.025,0.5034,0.539,1.9
USR_0332,8.15,3.7,45.0,0.588,0.3053,0.4464,0.0521,0.0971,0.0991,0.335,3.9
USR_0333,17.52,7.0,68.1,0.685,0.3487,0.004,0.028,0.2018,0.4175,0.404,1.5
USR_0334,16.98,2.0,75.5,0.865,0.2787,0.047,0.3207,0.1948,0.1588,0.825,2.2
USR_0335,38.48,19.1,100.4,0.857,0.2567,0.3477,0.2587,0.042,0.0949,0.5,3.0
USR_0336,7.32,3.4,40.7,0.577,0.3704,0.2012,0.2352,0.0711,0.1221,0.381,5.1
USR_0337,27.56,5.9,55.9,0.728,0.429,0.111,0.148,0.128,0.184,0.548,3.0
USR_0338,15.06,7.0,87.2,0.778,0.041,0.011,0.1982,0.5726,0.1772,0.914,2.1
USR_0339,0.48,1.3,22.4,0.329,0.2168,0.009,0.2448,0.1598,0.3696,0.506,25.9
USR_0340,23.02,3.2,87.0,0.84,0.2977,0.027,0.2308,0.3397,0.1048,0.8,2.3
USR_0341,17.3,5.2,70.2,0.798,0.1209,0.1059,0.4515,0.2338,0.0879,0.847,2.6
USR_0342,9.06,4.9,29.8,0.696,0.03,0.431,0.14,0.198,0.201,0.424,5.2
USR_0343,35.61,11.1,98.9,0.84,0.1161,0.5656,0.012,0.2252,0.0811,0.333,1.5
USR_0344,46.95,14.5,89.3,0.923,0.289,0.291,0.08,0.121,0.219,0.41,1.5
USR_0345,9.69,4.5,47.3,0.634,0.221,0.302,0.13,0.067,0.28,0.457,4.0
USR_0346,7.46,4.8,34.0,0.582,0.2837,0.1089,0.1209,0.1329,0.3536,0.38,7.1
USR_0347,10.5,4.7,81.7,0.801,0.0841,0.2062,0.1792,0.3624,0.1681,0.836,2.8
USR_0348,1.71,0.7,26.7,0.294,0.138,0.233,0.066,0.359,0.204,0.227,24.3
USR_0349,36.49,13.5,103.9,0.843,0.2503,0.0661,0.2723,0.3133,0.098,0.428,1.3
USR_0350,2.15,1.6,19.8,0.22,0.271,0.419,0.147,0.104,0.059,0.247,25.9
USR_0351,31.71,12.7,101.6,0.907,0.034,0.1772,0.3263,0.1992,0.2633,0.408,0.0
USR_0352,7.14,5.4,35.7,0.605,0.049,0.5534,0.1249,0.1029,0.1698,0.388,4.4
USR_0353,2.48,1.5,27.7,0.264,0.016,0.044,0.5536,0.1041,0.2823,0.203,28.1
USR_0354,32.77,12.6,83.4,0.849,0.263,0.08,0.279,0.235,0.143,0.488,1.4
USR_0355,10.9,3.8,40.6,0.539,0.318,0.336,0.032,0.254,0.06,0.391,7.2
USR_0356,36.34,17.2,118.5,0.888,0.264,0.182,0.112,0.271,0.171,0.31,1.3
USR_0357,6.87,4.2,35.2,0.561,0.223,0.35,0.092,0.204,0.131,0.262,3.3
USR_0358,9.03,2.5,38.8,0.608,0.45,0.4,0.045,0.103,0.002,0.507,3.1
USR_0359,8.93,4.8,39.7,0.549,0.5305,0.2312,0.043,0.1061,0.0892,0.275,5.3
USR_0360,37.3,15.5,97.5,0.863,0.176,0.346,0.25,0.059,0.169,0.368,2.4
USR_0361,6.14,4.0,53.9,0.584,0.0771,0.2422,0.2002,0.2152,0.2653,0.373,5.3
USR_0362,17.15,4.4,92.1,0.765,0.1111,0.1612,0.2633,0.2993,0.1651,0.783,2.5
USR_0363,43.75,11.8,64.0,0.922,0.3616,0.3267,0.1459,0.1139,0.0519,0.551,1.3
USR_0364,7.78,2.9,43.6,0.453,0.143,0.203,0.092,0.126,0.436,0.315,3.9
USR_0365,40.82,12.3,100.8,0.862,0.341,0.2,0.156,0.099,0.204,0.434,1.1
USR_0366,33.0,17.9,87.6,0.908,0.1361,0.3273,0.0731,0.2693,0.1942,0.415,1.7
USR_0367,19.73,11.3,89.0,0.826,0.617,0.009,0.04,0.043,0.291,0.338,3.6
USR_0368,29.77,16.8,89.0,0.928,0.245,0.196,0.274,0.039,0.246,0.487,0.3
USR_0369,13.79,3.4,24.8,0.589,0.3373,0.1441,0.1962,0.0661,0.2563,0.402,6.7
USR_0370,1.6,1.1,28.1,0.33,0.186,0.27,0.017,0.117,0.41,0.263,24.7
USR_0371,32.23,12.7,115.9,0.869,0.227,0.14,0.245,0.363,0.025,0.519,2.2
USR_0372,20.72,6.5,58.2,0.696,0.341,0.11,0.13,0.183,0.236,0.51,2.1
USR_0373,37.14,15.1,99.7,0.918,0.033,0.179,0.321,0.053,0.414,0.39,1.6
USR_0374,37.71,18.0,79.2,0.849,0.1948,0.1738,0.3267,0.1958,0.1089,0.395,1.4
USR_0375,43.9,14.1,100.1,0.87,0.051,0.122,0.378,0.308,0.141,0.469,1.6
USR_0376,19.13,4.0,89.7,0.815,0.379,0.091,0.01,0.058,0.462,0.432,1.9
USR_0377,19.18,4.1,76.1,0.794,0.092,0.05,0.261,0.498,0.099,0.803,4.6
USR_0378,43.82,15.9,82.3,0.812,0.225,0.219,0.172,0.262,0.122,0.415,2.2
USR_0379,1.05,0.8,27.9,0.413,0.211,0.06,0.234,0.214,0.281,0.266,19.4
USR_0380,20.22,5.3,63.0,0.735,0.3784,0.028,0.021,0.033,0.5396,0.372,1.6
USR_0381,6.15,3.9,24.9,0.666,0.215,0.545,0.012,0.065,0.163,0.371,2.5
USR_0382,39.91,13.1,98.5,0.868,0.1932,0.2262,0.2813,0.1161,0.1832,0.322,1.5
USR_0383,23.7,5.6,90.7,0.768,0.588,0.121,0.006,0.006,0.279,0.397,3.0
USR_0384,8.19,5.7,31.9,0.623,0.129,0.226,0.189,0.234,0.222,0.225,3.4
USR_0385,10.17,4.0,36.1,0.578,0.098,0.447,0.217,0.15,0.088,0.371,3.4
USR_0386,2.56,1.6,30.7,0.287,0.2967,0.2717,0.1219,0.1129,0.1968,0.478,16.3
USR_0387,13.59,5.7,104.5,0.886,0.042,0.1932,0.1281,0.4765,0.1602,0.709,4.3
USR_0388,30.69,15.9,99.6,0.891,0.244,0.274,0.252,0.092,0.138,0.413,2.7
USR_0389,1.23,1.0,23.8,0.205,0.24,0.105,0.309,0.108,0.238,0.354,34.6
USR_0390,29.21,6.8,57.2,0.745,0.3427,0.012,0.04,0.041,0.5643,0.35,2.4
USR_0391,39.57,15.4,87.8,0.9,0.252,0.05,0.173,0.405,0.12,0.314,0.4
USR_0392,36.86,13.9,81.6,0.922,0.3804,0.0741,0.1031,0.1341,0.3083,0.53,0.5
USR_0393,17.71,7.7,72.7,0.761,0.741,0.01,0.133,0.008,0.108,0.568,0.0
USR_0394,37.29,15.4,100.2,0.855,0.1499,0.2318,0.2887,0.1728,0.1568,0.308,1.0
USR_0395,21.06,4.4,68.3,0.867,0.2617,0.02,0.1259,0.4655,0.1269,0.68,2.9
USR_0396,31.8,14.4,80.5,0.885,0.212,0.149,0.161,0.286,0.192,0.365,0.5
USR_0397,8.82,5.7,30.3,0.657,0.0999,0.5774,0.0879,0.0749,0.1599,0.425,5.9
USR_0398,5.55,3.3,49.8,0.526,0.248,0.119,0.08,0.335,0.218,0.542,5.3
USR_0399,22.19,6.2,69.3,0.744,0.457,0.034,0.027,0.089,0.393,0.351,1.4
USR_0400,1.71,1.1,22.5,0.403,0.2472,0.1532,0.2943,0.1201,0.1852,0.409,23.7
USR_0401,33.28,11.4,93.4,0.831,0.043,0.229,0.112,0.162,0.454,0.551,1.3
USR_0402,16.16,2.8,100.1,0.843,0.1892,0.2342,0.2623,0.2713,0.043,0.761,3.0
USR_0403,19.9,5.1,103.7,0.787,0.2647,0.1708,0.3157,0.1329,0.1159,0.836,2.7
USR_0404,15.51,6.0,83.9,0.861,0.15,0.224,0.093,0.384,0.149,0.801,1.4
USR_0405,20.72,4.6,77.6,0.778,0.304,0.211,0.16,0.142,0.183,0.793,2.0
USR_0406,23.89,7.2,65.8,0.755,0.589,0.05,0.053,0.017,0.291,0.475,5.0
USR_0407,1.97,1.7,23.2,0.285,0.0799,0.2218,0.3656,0.2597,0.073,0.153,23.9
USR_0408,9.61,4.1,42.4,0.574,0.368,0.095,0.374,0.138,0.025,0.394,3.5
USR_0409,34.07,10.8,115.7,0.876,0.1862,0.0981,0.2943,0.3283,0.0931,0.248,2.5
USR_0410,22.26,3.6,57.2,0.864,0.377,0.132,0.338,0.092,0.061,0.842,1.7
USR_0411,21.0,4.4,77.9,0.788,0.234,0.083,0.136,0.3,0.247,0.806,1.4
USR_0412,1.48,1.3,23.5,0.204,0.194,0.101,0.344,0.226,0.135,0.409,27.4
USR_0413,21.21,7.7,66.3,0.701,0.272,0.068,0.215,0.018,0.427,0.417,2.3
USR_0414,7.42,4.0,42.0,0.55,0.285,0.418,0.124,0.114,0.059,0.406,7.0
USR_0415,17.23,4.0,74.8,0.774,0.404,0.027,0.005,0.032,0.532,0.509,2.8
USR_0416,16.56,5.0,66.0,0.773,0.6477,0.02,0.0469,0.023,0.2624,0.415,3.1
USR_0417,24.74,7.4,60.4,0.795,0.2627,0.1259,0.045,0.1159,0.4505,0.427,3.8
USR_0418,1.83,1.3,23.6,0.236,0.076,0.371,0.281,0.196,0.076,0.3,23.8
USR_0419,20.98,5.2,78.8,0.783,0.158,0.27,0.113,0.264,0.195,0.888,4.4
USR_0420,10.49,5.4,37.6,0.52,0.3814,0.4324,0.1451,0.032,0.0091,0.411,3.6
USR_0421,31.46,12.5,87.2,0.917,0.1019,0.1459,0.5385,0.1508,0.0629,0.436,2.0
USR_0422,17.2,8.8,62.7,0.761,0.4134,0.044,0.0931,0.0511,0.3984,0.381,1.3
USR_0423,21.39,4.1,100.5,0.804,0.24,0.102,0.382,0.145,0.131,0.843,2.8
USR_0424,19.0,5.2,76.1,0.95,0.12,0.151,0.111,0.401,0.217,0.884,2.7
USR_0425,9.73,2.7,36.9,0.557,0.394,0.167,0.125,0.238,0.076,0.395,5.9
USR_0426,5.22,4.0,38.4,0.621,0.1181,0.4955,0.1992,0.044,0.1432,0.281,5.0
USR_0427,33.41,15.3,103.0,0.881,0.263,0.12,0.068,0.129,0.42,0.294,1.7
USR_0428,35.07,15.5,121.7,0.812,0.37,0.387,0.04,0.093,0.11,0.6,1.8
USR_0429,23.2,3.4,73.3,0.851,0.1051,0.2893,0.3323,0.1031,0.1702,0.716,2.8
USR_0430,9.85,3.0,34.0,0.59,0.218,0.198,0.284,0.1,0.2,0.327,8.1
USR_0431,6.96,3.9,34.2,0.521,0.2877,0.3457,0.3167,0.012,0.0379,0.318,3.8
USR_0432,8.85,2.5,33.2,0.636,0.1301,0.2242,0.2773,0.2062,0.1622,0.435,6.0
USR_0433,8.88,3.5,31.9,0.639,0.231,0.405,0.177,0.033,0.154,0.39,3.9
USR_0434,3.48,2.9,35.2,0.672,0.145,0.215,0.09,0.284,0.266,0.303,5.2
USR_0435,10.34,2.0,29.9,0.507,0.2478,0.4705,0.1249,0.0759,0.0809,0.366,3.1
USR_0436,37.21,14.1,81.2,0.866,0.111,0.043,0.214,0.206,0.426,0.49,1.9
USR_0437,30.65,14.0,121.3,0.835,0.193,0.268,0.204,0.155,0.18,0.477,2.0
USR_0438,8.74,3.2,49.8,0.591,0.146,0.54,0.079,0.103,0.132,0.457,2.0
USR_0439,1.37,1.2,20.8,0.32,0.317,0.065,0.347,0.2,0.071,0.494,22.6
USR_0440,18.05,3.9,85.8,0.719,0.295,0.083,0.273,0.183,0.166,0.761,2.8
USR_0441,9.19,5.4,37.2,0.534,0.393,0.117,0.267,0.123,0.1,0.467,4.3
USR_0442,25.34,2.6,62.3,0.74,0.063,0.227,0.199,0.387,0.124,0.804,2.1
USR_0443,1.91,0.9,27.4,0.345,0.2082,0.0611,0.028,0.4705,0.2322,0.353,24.5
USR_0444,23.18,6.5,52.4,0.765,0.4036,0.034,0.01,0.0769,0.4755,0.425,0.8
USR_0445,16.64,2.2,83.3,0.795,0.12,0.136,0.223,0.266,0.255,0.795,1.6
USR_0446,24.12,3.9,98.1,0.892,0.1009,0.2128,0.2997,0.3337,0.0529,0.926,2.8
USR_0447,20.91,3.5,79.7,0.81,0.142,0.119,0.321,0.321,0.097,0.802,3.1
USR_0448,36.07,10.2,96.5,0.942,0.265,0.112,0.079,0.278,0.266,0.6,1.2
USR_0449,20.18,5.5,79.9,0.78,0.54,0.012,0.003,0.018,0.427,0.399,0.9
USR_0450,17.57,9.8,71.2,0.901,0.501,0.001,0.042,0.016,0.44,0.518,1.8
USR_0451,15.22,4.5,88.2,0.824,0.0809,0.1269,0.5504,0.1229,0.1189,0.792,3.5
USR_0452,1.57,0.4,20.4,0.292,0.155,0.095,0.09,0.424,0.236,0.252,29.1
USR_0453,7.51,3.7,44.4,0.646,0.222,0.347,0.301,0.083,0.047,0.26,3.1
USR_0454,31.9,12.8,114.0,0.865,0.132,0.271,0.153,0.264,0.18,0.346,1.2
USR_0455,7.51,4.0,27.9,0.545,0.0989,0.6044,0.032,0.1928,0.0719,0.266,2.8
USR_0456,16.97,4.0,104.4,0.84,0.118,0.185,0.279,0.238,0.18,0.867,1.0
USR_0457,1.81,1.4,28.6,0.258,0.4046,0.1828,0.2178,0.1389,0.0559,0.311,20.9
USR_0458,26.1,5.9,71.0,0.818,0.291,0.038,0.114,0.303,0.254,0.561,2.5
USR_0459,6.27,2.8,40.4,0.539,0.256,0.191,0.344,0.092,0.117,0.463,2.5
USR_0460,8.51,4.1,42.1,0.671,0.366,0.322,0.037,0.239,0.036,0.458,3.2
USR_0461,22.9,14.8,86.9,0.921,0.176,0.169,0.246,0.057,0.352,0.36,1.1
USR_0462,48.32,12.5,98.6,0.919,0.0729,0.2657,0.2068,0.2887,0.1659,0.492,0.7
USR_0463,17.42,5.9,109.4,0.874,0.3377,0.1139,0.1439,0.2667,0.1378,0.804,4.5
USR_0464,2.21,0.4,30.7,0.42,0.19,0.014,0.083,0.165,0.548,0.339,32.8
USR_0465,5.88,4.5,36.9,0.581,0.4284,0.0911,0.2833,0.0941,0.1031,0.339,5.3
USR_0466,35.19,11.8,60.4,0.926,0.312,0.175,0.151,0.255,0.107,0.424,1.2
USR_0467,35.04,16.1,99.7,0.905,0.234,0.335,0.137,0.102,0.192,0.396,0.5
USR_0468,11.24,2.4,40.5,0.534,0.403,0.252,0.035,0.084,0.226,0.217,3.8
USR_0469,18.61,4.6,83.0,0.853,0.0959,0.1618,0.2008,0.4426,0.0989,0.902,2.4
USR_0470,8.42,3.3,28.8,0.596,0.082,0.622,0.124,0.13,0.042,0.401,6.2
USR_0471,4.08,3.6,40.1,0.529,0.1858,0.3017,0.011,0.1229,0.3786,0.39,4.6
USR_0472,32.49,15.8,94.1,0.841,0.1289,0.0869,0.4336,0.2248,0.1258,0.372,1.8
USR_0473,2.0,0.9,21.5,0.282,0.2887,0.1289,0.2657,0.1968,0.1199,0.334,30.6
USR_0474,38.57,13.6,82.3,0.824,0.2507,0.2717,0.2847,0.0629,0.13,0.343,0.2
USR_0475,12.37,4.2,43.1,0.587,0.033,0.5065,0.1331,0.032,0.2954,0.485,7.5
USR_0476,2.14,0.6,22.5,0.293,0.1712,0.1712,0.0661,0.3674,0.2241,0.245,21.2
USR_0477,2.55,1.4,30.1,0.313,0.109,0.153,0.061,0.183,0.494,0.265,14.5
USR_0478,1.38,0.9,23.0,0.346,0.1329,0.2208,0.3546,0.1988,0.0929,0.504,32.2
USR_0479,24.37,5.9,78.0,0.827,0.2342,0.1001,0.4114,0.2242,0.0301,0.811,2.2
USR_0480,17.95,3.7,64.5,0.767,0.172,0.457,0.137,0.161,0.073,0.824,2.2
USR_0481,18.28,5.5,84.5,0.796,0.0959,0.2218,0.1718,0.2827,0.2278,0.785,1.5
USR_0482,34.04,16.9,85.9,0.842,0.423,0.054,0.144,0.127,0.252,0.293,0.9
USR_0483,33.67,14.5,108.4,0.797,0.257,0.353,0.201,0.112,0.077,0.437,1.6
USR_0484,5.1,2.8,54.8,0.717,0.1219,0.3776,0.3706,0.1259,0.004,0.33,3.2
USR_0485,18.69,5.7,99.8,0.828,0.094,0.216,0.296,0.308,0.086,0.877,1.5
USR_0486,34.49,11.7,97.8,0.824,0.323,0.152,0.112,0.155,0.258,0.43,0.7
USR_0487,35.42,8.0,72.5,0.852,0.1249,0.1658,0.2168,0.1688,0.3237,0.408,1.3
USR_0488,5.46,2.5,31.1,0.448,0.379,0.259,0.208,0.053,0.101,0.428,5.1
USR_0489,45.48,18.1,77.6,0.859,0.348,0.128,0.193,0.204,0.127,0.348,0.1
USR_0490,16.15,5.1,74.8,0.762,0.1768,0.029,0.2517,0.2358,0.3067,0.888,3.3
USR_0491,1.93,1.1,28.3,0.315,0.14,0.155,0.434,0.201,0.07,0.149,34.5
USR_0492,16.22,4.3,67.0,0.844,0.157,0.143,0.316,0.163,0.221,0.859,2.1
USR_0493,26.19,6.5,70.6,0.709,0.388,0.035,0.114,0.022,0.441,0.47,2.0
USR_0494,28.92,14.2,106.7,0.857,0.315,0.183,0.087,0.136,0.279,0.43,1.8
USR_0495,5.78,2.1,24.0,0.592,0.1089,0.5984,0.1568,0.0679,0.068,0.303,5.4
USR_0496,34.68,13.7,101.7,0.919,0.2954,0.1727,0.2435,0.0798,0.2086,0.435,1.6
USR_0497,8.74,3.9,27.6,0.507,0.218,0.311,0.055,0.206,0.21,0.314,5.1
USR_0498,7.93,3.2,31.9,0.547,0.117,0.554,0.057,0.081,0.191,0.421,4.5
USR_0499,1.14,1.2,26.4,0.364,0.072,0.315,0.395,0.186,0.032,0.218,26.2
USR_0500,2.35,1.3,22.3,0.278,0.2577,0.0889,0.2308,0.1528,0.2698,0.28,25.8
USR_0501,23.0,7.1,51.4,0.735,0.228,0.021,0.124,0.01,0.617,0.365,2.9
USR_0502,43.27,17.0,105.2,0.84,0.369,0.1,0.133,0.287,0.111,0.451,2.0
USR_0503,5.45,3.8,34.1,0.699,0.7638,0.1502,0.012,0.0691,0.0049,0.483,5.1
USR_0504,2.03,0.6,23.6,0.361,0.091,0.087,0.337,0.233,0.252,0.428,16.8
USR_0505,17.72,7.2,70.8,0.852,0.438,0.01,0.012,0.005,0.535,0.428,1.4
USR_0506,0.39,1.5,22.6,0.355,0.036,0.1708,0.2338,0.1499,0.4095,0.462,25.7
USR_0507,21.37,8.9,72.4,0.833,0.3133,0.013,0.028,0.1762,0.4695,0.528,1.7
USR_0508,5.71,3.8,54.6,0.545,0.11,0.287,0.018,0.16,0.425,0.328,3.6
USR_0509,2.89,0.9,21.0,0.256,0.185,0.094,0.027,0.515,0.179,0.198,28.7
USR_0510,21.25,6.9,69.5,0.734,0.3363,0.014,0.023,0.0611,0.5656,0.44,1.7
USR_0511,11.67,2.7,28.6,0.563,0.195,0.422,0.169,0.116,0.098,0.325,3.8
USR_0512,22.48,4.5,72.0,0.892,0.122,0.093,0.163,0.352,0.27,0.824,2.8
USR_0513,10.71,4.2,36.4,0.468,0.13,0.524,0.062,0.126,0.158,0.263,3.9
USR_0514,33.19,15.4,83.9,0.849,0.1119,0.1289,0.4416,0.1768,0.1408,0.449,1.7
USR_0515,7.38,5.6,45.7,0.646,0.158,0.516,0.183,0.111,0.032,0.413,4.2
USR_0516,19.92,6.7,71.5,0.717,0.436,0.012,0.018,0.03,0.504,0.418,2.4
USR_0517,8.98,4.2,45.8,0.712,0.3087,0.1329,0.2048,0.1469,0.2067,0.4,5.6
USR_0518,49.6,16.7,98.1,0.871,0.232,0.183,0.055,0.306,0.224,0.395,0.9
USR_0519,1.48,1.5,26.7,0.263,0.096,0.19,0.508,0.047,0.159,0.236,35.1
USR_0520,36.34,15.1,85.2,0.859,0.157,0.152,0.075,0.474,0.142,0.471,1.2
USR_0521,8.52,3.5,47.3,0.514,0.2747,0.4046,0.0519,0.0899,0.1789,0.36,4.7
USR_0522,20.58,6.8,67.8,0.726,0.2543,0.002,0.1201,0.0601,0.5635,0.397,0.7
USR_0523,1.43,1.0,19.6,0.361,0.1592,0.4364,0.1682,0.1141,0.1221,0.246,24.3
USR_0524,8.76,4.7,34.9,0.544,0.145,0.089,0.115,0.327,0.324,0.333,4.4
USR_0525,5.26,3.1,47.8,0.444,0.2663,0.2953,0.1221,0.1672,0.1491,0.382,2.9
USR_0526,15.24,4.4,70.1,0.788,0.108,0.271,0.124,0.38,0.117,0.802,2.2
USR_0527,0.96,0.8,30.5,0.345,0.023,0.139,0.228,0.561,0.049,0.347,23.6
USR_0528,41.27,16.1,74.0,0.952,0.1141,0.3644,0.2793,0.0841,0.1581,0.36,2.7
USR_0529,24.64,5.5,75.3,0.795,0.187,0.116,0.113,0.505,0.079,0.878,1.9
USR_0530,34.36,15.8,78.0,0.922,0.0811,0.3574,0.2773,0.2452,0.039,0.446,0.7
USR_0531,21.29,3.9,58.7,0.895,0.095,0.077,0.373,0.165,0.29,0.785,2.4
USR_0532,37.81,14.6,95.7,0.858,0.3143,0.1632,0.2703,0.2072,0.045,0.468,1.2
USR_0533,10.21,3.8,85.3,0.785,0.0969,0.0819,0.5754,0.1568,0.089,0.829,1.2
USR_0534,10.11,3.2,32.8,0.543,0.1612,0.5896,0.1001,0.003,0.1461,0.343,5.4
USR_0535,1.23,1.8,17.5,0.405,0.249,0.068,0.579,0.045,0.059,0.394,27.3
USR_0536,12.06,2.7,30.9,0.613,0.1429,0.2877,0.2058,0.1778,0.1858,0.328,1.4
USR_0537,37.16,16.1,99.7,0.888,0.155,0.182,0.211,0.367,0.085,0.45,1.7
USR_0538,40.11,12.5,105.6,0.899,0.262,0.307,0.044,0.098,0.289,0.398,2.0
USR_0539,20.92,5.9,65.1,0.739,0.544,0.021,0.064,0.053,0.318,0.401,1.9
USR_0540,8.04,4.0,29.9,0.46,0.28,0.609,0.042,0.019,0.05,0.35,3.6
USR_0541,31.77,14.3,95.8,0.854,0.2382,0.3053,0.1091,0.1982,0.1492,0.332,0.9
USR_0542,6.82,4.2,32.0,0.569,0.4094,0.1792,0.1221,0.019,0.2703,0.36,5.0
USR_0543,10.52,4.0,31.8,0.519,0.349,0.11,0.125,0.212,0.204,0.318,3.4
USR_0544,22.57,3.2,97.3,0.887,0.229,0.214,0.247,0.218,0.092,0.884,2.6
USR_0545,30.16,13.3,88.9,0.87,0.3217,0.2837,0.1648,0.0659,0.1639,0.442,1.6
USR_0546,2.01,1.5,25.2,0.312,0.042,0.009,0.3844,0.2112,0.3534,0.278,17.9
USR_0547,18.48,4.2,89.4,0.879,0.284,0.174,0.049,0.286,0.207,0.869,0.9
USR_0548,24.65,8.5,66.5,0.734,0.365,0.022,0.022,0.118,0.473,0.438,0.8
USR_0549,25.71,4.6,91.9,0.922,0.2777,0.0959,0.3217,0.1978,0.1069,0.823,2.5
USR_0550,31.05,10.8,66.5,0.913,0.221,0.417,0.141,0.182,0.039,0.424,1.8
USR_0551,35.83,12.2,88.2,0.851,0.263,0.313,0.099,0.158,0.167,0.366,2.5
USR_0552,18.84,3.8,97.7,0.718,0.072,0.223,0.097,0.38,0.228,0.859,1.1
USR_0553,24.42,7.7,82.5,0.756,0.4965,0.0619,0.045,0.023,0.3736,0.515,1.1
USR_0554,34.45,12.7,92.3,0.886,0.11,0.291,0.247,0.051,0.301,0.6,1.7
USR_0555,1.52,1.3,26.5,0.259,0.1608,0.1808,0.2078,0.1838,0.2668,0.358,23.1
USR_0556,1.73,1.2,35.9,0.193,0.271,0.196,0.17,0.154,0.209,0.287,23.7
USR_0557,9.14,2.2,27.2,0.581,0.431,0.169,0.059,0.014,0.327,0.306,4.2
USR_0558,7.78,4.9,31.7,0.528,0.3,0.265,0.192,0.196,0.047,0.34,1.6
USR_0559,33.7,17.6,85.9,0.829,0.0651,0.2673,0.3974,0.1381,0.1321,0.332,0.8
USR_0560,9.07,2.4,22.0,0.5,0.3526,0.3127,0.031,0.0539,0.2498,0.409,6.3
USR_0561,37.93,12.4,71.8,0.857,0.212,0.324,0.24,0.044,0.18,0.412,0.9
USR_0562,2.62,0.9,31.6,0.364,0.026,0.1552,0.3333,0.2963,0.1892,0.382,22.7
USR_0563,1.11,1.3,26.0,0.332,0.1079,0.042,0.0869,0.7073,0.0559,0.403,31.3
USR_0564,21.83,9.9,66.3,0.725,0.328,0.083,0.023,0.206,0.36,0.444,3.6
USR_0565,13.39,4.4,33.5,0.576,0.224,0.335,0.247,0.146,0.048,0.348,5.2
USR_0566,4.81,3.0,26.7,0.486,0.4066,0.2907,0.2148,0.0609,0.027,0.367,4.7
USR_0567,19.81,9.5,73.4,0.705,0.3493,0.0771,0.048,0.1131,0.4125,0.374,2.2
USR_0568,9.56,5.0,34.1,0.479,0.152,0.265,0.147,0.107,0.329,0.326,6.2
USR_0569,7.31,2.8,41.6,0.556,0.279,0.399,0.145,0.085,0.092,0.52,2.3
USR_0570,1.96,1.3,22.8,0.349,0.2348,0.2687,0.3267,0.1558,0.014,0.413,26.9
USR_0571,37.48,12.3,83.0,0.844,0.239,0.126,0.194,0.191,0.25,0.296,0.5
USR_0572,38.93,13.0,111.8,0.902,0.201,0.124,0.138,0.247,0.29,0.405,1.7
USR_0573,18.16,7.1,76.9,0.719,0.4016,0.0749,0.1389,0.1339,0.2507,0.409,1.3
USR_0574,37.62,17.2,94.9,0.888,0.1928,0.4965,0.1079,0.0649,0.1379,0.341,0.8
USR_0575,8.1,2.8,43.6,0.522,0.079,0.455,0.34,0.097,0.029,0.294,3.3
USR_0576,0.84,0.7,32.9,0.363,0.237,0.225,0.158,0.261,0.119,0.324,20.4
USR_0577,27.96,13.8,103.9,0.884,0.0581,0.2062,0.2152,0.1892,0.3313,0.373,1.2
USR_0578,18.83,5.1,81.5,0.871,0.082,0.259,0.341,0.198,0.12,0.824,1.7
USR_0579,7.39,5.3,25.4,0.72,0.139,0.535,0.05,0.086,0.19,0.37,7.5
USR_0580,19.07,4.0,71.9,0.78,0.07,0.141,0.128,0.41,0.251,0.828,4.9
USR_0581,5.6,5.0,31.7,0.609,0.229,0.071,0.231,0.034,0.435,0.347,6.0
USR_0582,28.94,15.9,78.2,0.931,0.03,0.039,0.2937,0.0929,0.5444,0.504,0.6
USR_0583,28.7,5.9,59.0,0.692,0.5544,0.0539,0.015,0.0819,0.2948,0.493,3.6
USR_0584,17.86,4.8,49.6,0.765,0.3794,0.0951,0.1051,0.0661,0.3543,0.335,2.4
USR_0585,19.83,9.1,67.3,0.818,0.242,0.003,0.007,0.152,0.596,0.284,1.1
USR_0586,8.0,4.9,39.3,0.556,0.1542,0.2573,0.4194,0.0671,0.102,0.343,4.8
USR_0587,18.61,4.1,79.6,0.815,0.229,0.314,0.239,0.081,0.137,0.794,5.7
USR_0588,11.73,3.7,98.0,0.809,0.269,0.103,0.125,0.241,0.262,0.824,3.6
USR_0589,29.36,15.0,138.1,0.917,0.128,0.302,0.137,0.235,0.198,0.468,0.9
USR_0590,40.14,13.0,96.8,0.889,0.356,0.144,0.158,0.152,0.19,0.431,0.7
USR_0591,8.32,5.7,25.5,0.626,0.2138,0.4186,0.2378,0.0659,0.0639,0.303,4.7
USR_0592,27.2,7.2,95.0,0.687,0.552,0.053,0.042,0.048,0.305,0.462,0.7
USR_0593,30.66,8.7,64.3,0.769,0.422,0.074,0.016,0.087,0.401,0.361,3.2
USR_0594,22.91,7.8,67.3,0.701,0.256,0.087,0.068,0.045,0.544,0.435,1.6
USR_0595,2.42,1.5,12.0,0.38,0.0869,0.034,0.0689,0.6673,0.1429,0.27,23.1
USR_0596,37.47,18.7,109.5,0.921,0.4476,0.1489,0.0859,0.1049,0.2127,0.518,0.9
USR_0597,8.06,5.1,45.9,0.653,0.4565,0.1431,0.1161,0.1251,0.1592,0.489,6.2
USR_0598,18.69,4.4,76.5,0.858,0.1469,0.0929,0.3467,0.0669,0.3466,0.816,1.8
USR_0599,12.46,3.9,85.8,0.862,0.047,0.022,0.216,0.277,0.438,0.849,2.8
USR_0600,22.87,6.8,64.0,0.787,0.2766,0.0882,0.1633,0.1202,0.3517,0.383,3.4
USR_0601,37.57,14.4,80.5,0.95,0.214,0.339,0.106,0.092,0.249,0.415,1.3
USR_0602,33.17,10.9,80.9,0.898,0.205,0.405,0.075,0.089,0.226,0.408,1.6
USR_0603,10.92,3.4,50.5,0.602,0.1489,0.2887,0.2428,0.2597,0.0599,0.334,6.5
USR_0604,8.07,3.8,44.9,0.51,0.259,0.577,0.101,0.031,0.032,0.36,6.0
USR_0605,21.3,9.3,61.1,0.703,0.3794,0.017,0.1031,0.0611,0.4394,0.491,1.9
USR_0606,1.58,1.0,25.6,0.292,0.1912,0.0711,0.1992,0.3153,0.2232,0.458,29.3
USR_0607,33.77,15.6,71.3,0.855,0.5095,0.0989,0.0729,0.1419,0.1768,0.451,1.2
USR_0608,37.51,13.7,89.2,0.817,0.497,0.138,0.047,0.182,0.136,0.52,1.0
USR_0609,18.86,3.9,74.7,0.837,0.184,0.134,0.13,0.295,0.257,0.799,0.9
USR_0610,13.39,6.5,65.9,0.786,0.171,0.066,0.298,0.375,0.09,0.748,3.0
USR_0611,39.13,10.5,83.9,0.878,0.1219,0.1968,0.1269,0.3636,0.1908,0.431,1.7
USR_0612,8.3,4.1,31.7,0.504,0.131,0.105,0.572,0.165,0.027,0.287,3.7
USR_0613,18.66,8.3,67.0,0.711,0.457,0.063,0.043,0.068,0.369,0.41,4.2
USR_0614,28.85,5.3,77.2,0.761,0.2312,0.003,0.0951,0.0721,0.5986,0.446,2.6
USR_0615,27.01,6.8,61.9,0.735,0.353,0.037,0.127,0.086,0.397,0.419,2.0
USR_0616,24.75,8.3,75.4,0.825,0.3926,0.039,0.0809,0.02,0.4675,0.26,1.0
USR_0617,1.88,1.3,25.6,0.352,0.189,0.237,0.274,0.221,0.079,0.433,19.1
USR_0618,17.68,5.5,71.7,0.894,0.0899,0.2058,0.3017,0.3297,0.0729,0.751,3.3
USR_0619,2.15,1.5,21.4,0.316,0.04,0.092,0.336,0.074,0.458,0.49,22.9
USR_0620,32.4,11.3,75.1,0.904,0.2,0.448,0.155,0.127,0.07,0.421,0.1
USR_0621,3.01,1.7,26.3,0.295,0.115,0.041,0.346,0.066,0.432,0.342,36.6
USR_0622,38.37,14.4,81.3,0.916,0.411,0.157,0.119,0.068,0.245,0.454,0.2
USR_0623,0.87,0.3,27.1,0.376,0.4024,0.1892,0.1311,0.1642,0.1131,0.424,22.6
USR_0624,31.92,15.1,94.2,0.843,0.011,0.145,0.142,0.473,0.229,0.469,1.5
USR_0625,30.94,9.5,93.5,0.836,0.1722,0.0711,0.1632,0.0991,0.4944,0.6,1.1
USR_0626,16.65,6.6,89.9,0.759,0.0619,0.2248,0.2458,0.2108,0.2567,0.86,5.4
USR_0627,37.72,13.0,118.6,0.797,0.2088,0.009,0.2318,0.2098,0.3406,0.548,2.3
USR_0628,0.66,0.4,25.5,0.337,0.2673,0.1842,0.019,0.4304,0.0991,0.395,31.8
USR_0629,2.84,1.0,14.7,0.229,0.3483,0.038,0.3013,0.1431,0.1693,0.222,22.4
USR_0630,12.28,4.5,87.1,0.821,0.061,0.095,0.537,0.229,0.078,0.869,3.5
USR_0631,1.87,0.7,16.3,0.433,0.0679,0.5569,0.2196,0.0639,0.0917,0.267,33.2
USR_0632,16.48,5.7,71.3,0.798,0.025,0.2158,0.1449,0.1578,0.4565,0.806,1.1
USR_0633,8.09,3.0,32.5,0.57,0.1952,0.3073,0.2903,0.036,0.1712,0.522,5.5
USR_0634,17.62,7.4,62.3,0.79,0.314,0.062,0.313,0.033,0.278,0.513,0.3
USR_0635,2.23,0.4,25.0,0.359,0.0619,0.0859,0.2707,0.1668,0.4147,0.402,12.0
USR_0636,6.9,3.9,34.3,0.592,0.308,0.309,0.252,0.086,0.045,0.293,3.8
USR_0637,30.25,13.0,103.6,0.87,0.1401,0.1371,0.2042,0.3854,0.1332,0.444,0.2
USR_0638,1.76,1.5,28.3,0.48,0.4785,0.0819,0.1349,0.006,0.2987,0.329,25.5
USR_0639,7.98,3.4,32.1,0.467,0.302,0.173,0.232,0.023,0.27,0.2,5.3
USR_0640,2.68,1.6,19.2,0.227,0.155,0.275,0.364,0.011,0.195,0.258,32.0
USR_0641,9.69,4.8,38.7,0.565,0.323,0.441,0.124,0.063,0.049,0.412,5.3
USR_0642,9.7,3.2,35.0,0.662,0.1868,0.2657,0.2338,0.1818,0.1319,0.39,5.8
USR_0643,26.2,12.4,99.4,0.83,0.154,0.105,0.151,0.295,0.295,0.322,1.3
USR_0644,2.26,0.6,20.1,0.389,0.186,0.439,0.093,0.186,0.096,0.211,24.1
USR_0645,8.7,3.3,42.6,0.616,0.21,0.396,0.271,0.094,0.029,0.439,4.0
USR_0646,12.36,5.0,85.9,0.78,0.5275,0.049,0.1682,0.2072,0.0481,0.816,3.4
USR_0647,2.74,1.0,25.5,0.343,0.113,0.24,0.182,0.205,0.26,0.412,18.5
USR_0648,3.37,0.8,22.8,0.395,0.113,0.188,0.067,0.535,0.097,0.22,28.7
USR_0649,17.09,8.5,54.8,0.771,0.5195,0.025,0.0,0.0,0.4555,0.566,1.8
USR_0650,1.98,0.7,32.2,0.301,0.015,0.39,0.04,0.291,0.264,0.473,33.2
USR_0651,36.87,14.7,80.8,0.937,0.152,0.212,0.305,0.235,0.096,0.427,1.9
USR_0652,1.59,0.8,21.9,0.205,0.309,0.136,0.124,0.127,0.304,0.467,23.0
USR_0653,1.14,1.2,27.4,0.242,0.214,0.198,0.107,0.367,0.114,0.312,24.0
USR_0654,18.3,3.8,75.4,0.809,0.094,0.333,0.273,0.248,0.052,0.806,4.3
USR_0655,2.3,0.8,25.2,0.156,0.166,0.221,0.312,0.199,0.102,0.528,12.0
USR_0656,1.48,1.0,27.2,0.381,0.1538,0.3846,0.1768,0.1858,0.099,0.352,22.8
USR_0657,15.21,6.3,101.5,0.799,0.043,0.12,0.389,0.177,0.271,0.887,4.0
USR_0658,1.38,1.5,22.9,0.384,0.034,0.2178,0.4236,0.0789,0.2457,0.233,32.6
USR_0659,41.79,9.3,107.2,0.972,0.206,0.111,0.163,0.256,0.264,0.463,2.0
USR_0660,0.2,1.4,14.9,0.333,0.103,0.336,0.09,0.377,0.094,0.331,16.3
USR_0661,32.6,17.2,101.7,0.938,0.276,0.114,0.362,0.201,0.047,0.261,1.5
USR_0662,22.25,4.9,73.7,0.79,0.458,0.054,0.028,0.04,0.42,0.383,3.4
USR_0663,2.0,1.7,19.2,0.308,0.1718,0.1269,0.4006,0.1868,0.1139,0.307,23.6
USR_0664,15.12,4.3,79.5,0.719,0.433,0.075,0.08,0.051,0.361,0.314,3.3
USR_0665,35.87,12.0,92.8,0.858,0.328,0.055,0.15,0.267,0.2,0.365,0.0
USR_0666,11.23,4.6,30.4,0.649,0.203,0.272,0.153,0.19,0.182,0.444,4.0
USR_0667,24.37,6.8,57.4,0.708,0.5984,0.028,0.1169,0.027,0.2297,0.44,2.6
USR_0668,31.99,18.6,115.2,0.876,0.2228,0.4096,0.0849,0.042,0.2407,0.463,1.2
USR_0669,10.79,2.7,35.2,0.406,0.2513,0.1972,0.1802,0.3173,0.054,0.383,2.5
USR_0670,3.25,3.3,36.2,0.477,0.265,0.469,0.056,0.066,0.144,0.317,4.5
USR_0671,19.84,8.0,72.3,0.918,0.442,0.176,0.047,0.118,0.217,0.456,1.0
USR_0672,13.7,4.9,68.2,0.798,0.074,0.12,0.337,0.433,0.036,0.729,3.4
USR_0673,19.54,4.0,72.2,0.818,0.2432,0.1131,0.1932,0.01,0.4405,0.544,3.1
USR_0674,17.11,10.2,71.4,0.751,0.5425,0.017,0.0729,0.032,0.3356,0.324,3.6
USR_0675,39.76,12.8,89.1,0.905,0.1682,0.0711,0.3413,0.3373,0.0821,0.592,1.6
USR_0676,39.06,14.0,82.9,0.896,0.384,0.203,0.118,0.057,0.238,0.314,0.0
USR_0677,37.73,15.1,88.3,0.862,0.1838,0.2717,0.1588,0.2398,0.1459,0.487,0.0
USR_0678,9.18,3.2,35.0,0.589,0.155,0.393,0.34,0.061,0.051,0.419,5.5
USR_0679,1.07,1.8,31.6,0.264,0.142,0.082,0.114,0.57,0.092,0.374,14.6
USR_0680,38.57,15.5,94.2,0.893,0.45,0.045,0.126,0.082,0.297,0.419,1.4
USR_0681,15.86,6.3,95.0,0.799,0.414,0.033,0.081,0.02,0.452,0.383,2.6
USR_0682,1.12,1.3,19.8,0.246,0.274,0.138,0.181,0.222,0.185,0.349,34.1
USR_0683,24.19,9.5,59.7,0.817,0.6314,0.0529,0.011,0.0549,0.2498,0.392,0.7
USR_0684,33.65,12.4,87.8,0.774,0.1828,0.2328,0.3407,0.1009,0.1428,0.37,1.6
USR_0685,28.06,7.6,70.2,0.77,0.629,0.005,0.011,0.014,0.341,0.554,2.9
USR_0686,37.04,16.8,103.1,0.893,0.143,0.323,0.062,0.185,0.287,0.515,1.6
USR_0687,8.38,2.3,43.5,0.583,0.1648,0.4785,0.2847,0.025,0.047,0.333,5.4
USR_0688,17.64,8.2,84.6,0.738,0.3806,0.023,0.0519,0.0819,0.4626,0.56,0.4
USR_0689,6.64,3.3,30.1,0.574,0.1962,0.5546,0.04,0.0681,0.1411,0.51,6.2
USR_0690,13.77,2.7,41.2,0.511,0.269,0.408,0.226,0.046,0.051,0.321,4.6
USR_0691,25.18,6.0,78.3,0.831,0.5614,0.0969,0.022,0.036,0.2837,0.457,0.7
USR_0692,18.4,4.5,81.2,0.845,0.053,0.055,0.268,0.553,0.071,0.895,1.5
USR_0693,19.74,5.6,92.5,0.776,0.123,0.205,0.2,0.164,0.308,0.77,3.5
USR_0694,25.79,5.9,67.6,0.72,0.6234,0.0659,0.026,0.024,0.2607,0.538,0.3
USR_0695,1.38,1.4,31.7,0.32,0.0689,0.3247,0.04,0.3087,0.2577,0.35,23.9
USR_0696,9.52,2.1,34.9,0.583,0.298,0.185,0.095,0.06,0.362,0.449,7.1
USR_0697,27.99,5.6,52.8,0.769,0.1798,0.0819,0.3876,0.2278,0.1229,0.789,1.2
USR_0698,7.09,3.4,34.9,0.53,0.1818,0.3247,0.1668,0.2088,0.1179,0.454,5.1
USR_0699,6.84,2.2,29.6,0.662,0.178,0.459,0.107,0.095,0.161,0.358,3.5
USR_0700,37.25,14.1,96.0,0.873,0.233,0.072,0.133,0.196,0.366,0.446,1.0
USR_0701,24.79,6.8,78.1,0.744,0.481,0.094,0.017,0.044,0.364,0.378,1.7
USR_0702,18.58,3.6,84.7,0.872,0.1718,0.0889,0.2697,0.2448,0.2248,0.816,4.0
USR_0703,2.25,0.6,21.2,0.38,0.26,0.066,0.163,0.356,0.155,0.379,16.7
USR_0704,13.0,4.4,92.2,0.775,0.3373,0.044,0.2212,0.2302,0.1673,0.831,1.0
USR_0705,1.44,2.0,26.8,0.372,0.2953,0.2012,0.1992,0.1752,0.1291,0.359,31.7
USR_0706,23.22,3.8,99.0,0.873,0.5185,0.032,0.1708,0.2527,0.026,0.804,2.7
USR_0707,29.4,14.0,83.1,0.861,0.3173,0.1051,0.3674,0.0811,0.1291,0.358,1.3
USR_0708,29.82,14.5,88.6,0.889,0.333,0.085,0.233,0.154,0.195,0.423,1.2
USR_0709,20.66,8.2,74.9,0.73,0.35,0.014,0.061,0.032,0.543,0.434,2.1
USR_0710,1.4,1.3,27.8,0.234,0.425,0.156,0.096,0.024,0.299,0.347,15.7
USR_0711,24.55,6.0,63.3,0.806,0.459,0.134,0.024,0.007,0.376,0.394,3.5
USR_0712,15.25,9.0,54.0,0.699,0.4545,0.047,0.028,0.0729,0.3976,0.405,2.6
USR_0713,8.23,4.0,40.9,0.57,0.363,0.1,0.486,0.02,0.031,0.366,4.0
USR_0714,20.96,5.9,75.8,0.854,0.38,0.091,0.106,0.235,0.188,0.796,1.5
USR_0715,11.04,3.4,27.5,0.439,0.3383,0.3504,0.1812,0.0711,0.059,0.431,5.7
USR_0716,38.37,11.7,81.1,0.892,0.378,0.057,0.009,0.412,0.144,0.273,0.3
USR_0717,28.99,12.9,90.4,0.904,0.427,0.131,0.224,0.105,0.113,0.453,0.7
USR_0718,0.2,1.7,14.1,0.233,0.1538,0.4066,0.1728,0.1628,0.104,0.314,19.6
USR_0719,20.86,5.7,80.8,0.865,0.1431,0.2172,0.3544,0.1812,0.1041,0.868,1.4
USR_0720,36.92,14.9,126.8,0.862,0.126,0.273,0.272,0.185,0.144,0.339,2.7
USR_0721,2.16,1.7,24.4,0.38,0.447,0.141,0.06,0.23,0.122,0.402,26.1
USR_0722,36.77,14.3,96.0,0.899,0.3646,0.1928,0.1089,0.026,0.3077,0.397,0.9
USR_0723,12.49,3.4,104.5,0.852,0.2052,0.0541,0.4565,0.0841,0.2001,0.859,1.6
USR_0724,8.87,5.1,43.5,0.641,0.4074,0.2012,0.0581,0.0751,0.2582,0.438,2.7
USR_0725,8.41,3.5,34.2,0.545,0.348,0.271,0.252,0.089,0.04,0.488,4.7
USR_0726,11.7,4.6,36.7,0.578,0.121,0.49,0.093,0.092,0.204,0.427,6.5
USR_0727,43.01,14.5,107.2,0.895,0.1371,0.1231,0.1271,0.2332,0.3795,0.471,1.2
USR_0728,38.41,14.1,113.8,0.895,0.363,0.22,0.072,0.158,0.187,0.497,0.0
USR_0729,41.42,13.5,91.4,0.942,0.228,0.181,0.084,0.395,0.112,0.406,1.0
USR_0730,13.38,4.1,24.1,0.544,0.29,0.25,0.293,0.155,0.012,0.39,4.0
USR_0731,9.18,4.6,45.9,0.648,0.35,0.149,0.077,0.088,0.336,0.45,4.7
USR_0732,6.5,4.1,35.8,0.644,0.348,0.25,0.296,0.069,0.037,0.396,5.9
USR_0733,0.87,1.4,27.4,0.341,0.1299,0.4496,0.0539,0.2727,0.0939,0.259,34.0
USR_0734,24.63,6.5,58.3,0.73,0.365,0.152,0.023,0.087,0.373,0.395,1.8
USR_0735,1.3,1.5,24.3,0.259,0.1391,0.2132,0.021,0.2723,0.3544,0.308,25.5
USR_0736,1.22,1.0,19.8,0.348,0.027,0.6364,0.1548,0.1459,0.0359,0.385,26.9
USR_0737,2.23,1.4,21.5,0.234,0.263,0.22,0.287,0.119,0.111,0.363,33.5
USR_0738,33.48,13.5,90.1,0.814,0.16,0.319,0.243,0.154,0.124,0.597,0.8
USR_0739,18.34,2.6,83.3,0.812,0.1179,0.0709,0.4945,0.1009,0.2158,0.78,2.5
USR_0740,9.07,3.3,39.8,0.489,0.138,0.381,0.113,0.261,0.107,0.505,6.1
USR_0741,22.91,5.9,62.3,0.765,0.312,0.133,0.049,0.06,0.446,0.495,2.1
USR_0742,25.43,8.2,85.3,0.829,0.193,0.018,0.158,0.122,0.509,0.385,1.3
USR_0743,17.53,7.9,74.5,0.755,0.459,0.08,0.015,0.002,0.444,0.463,2.7
USR_0744,1.73,0.3,20.6,0.362,0.221,0.079,0.147,0.128,0.425,0.197,19.2
USR_0745,36.41,13.9,93.0,0.928,0.212,0.093,0.363,0.253,0.079,0.405,1.4
USR_0746,20.69,5.7,71.9,0.75,0.2803,0.037,0.2853,0.1702,0.2272,0.877,0.6
USR_0747,2.97,1.7,22.0,0.285,0.023,0.571,0.193,0.1,0.113,0.295,29.1
USR_0748,22.38,6.6,81.1,0.861,0.348,0.032,0.292,0.014,0.314,0.576,2.2
USR_0749,24.42,5.4,66.3,0.675,0.6244,0.012,0.003,0.0689,0.2917,0.489,2.1
USR_0750,2.51,1.2,21.3,0.23,0.244,0.136,0.376,0.224,0.02,0.205,25.3
USR_0751,15.07,3.8,78.6,0.847,0.129,0.13,0.24,0.417,0.084,0.825,4.4
USR_0752,1.77,1.0,27.8,0.387,0.167,0.226,0.089,0.371,0.147,0.284,15.5
USR_0753,21.06,7.3,68.1,0.83,0.3027,0.045,0.014,0.044,0.5943,0.462,2.5
USR_0754,10.58,4.4,38.6,0.606,0.311,0.264,0.247,0.068,0.11,0.28,1.8
USR_0755,1.16,1.3,20.8,0.454,0.1532,0.5005,0.0741,0.1411,0.1311,0.177,16.8
USR_0756,17.46,5.2,107.6,0.734,0.176,0.167,0.461,0.167,0.029,0.773,2.8
USR_0757,6.83,4.6,37.1,0.585,0.258,0.526,0.035,0.112,0.069,0.357,5.9
USR_0758,20.51,9.8,77.8,0.726,0.2002,0.0721,0.043,0.036,0.6487,0.373,2.2
USR_0759,12.12,4.3,48.6,0.636,0.317,0.247,0.011,0.125,0.3,0.54,4.4
USR_0760,17.53,4.3,95.8,0.744,0.0772,0.0802,0.2725,0.3798,0.1903,0.811,1.8
USR_0761,36.3,14.2,111.3,0.905,0.275,0.232,0.024,0.344,0.125,0.363,1.0
USR_0762,24.22,8.4,81.1,0.744,0.5,0.053,0.062,0.055,0.33,0.473,2.6
USR_0763,10.12,2.0,35.0,0.548,0.102,0.192,0.249,0.199,0.258,0.271,3.4
USR_0764,1.73,1.2,26.4,0.198,0.173,0.231,0.281,0.202,0.113,0.173,31.2
USR_0765,22.67,4.5,98.6,0.853,0.2843,0.1361,0.1652,0.2082,0.2062,0.867,3.2
USR_0766,18.0,6.4,82.2,0.75,0.3974,0.0651,0.033,0.01,0.4945,0.407,2.1
USR_0767,6.92,4.3,39.1,0.481,0.1908,0.1718,0.1469,0.1878,0.3027,0.455,4.8
USR_0768,2.14,2.0,23.0,0.281,0.256,0.321,0.042,0.312,0.069,0.439,27.7
USR_0769,0.78,0.8,26.2,0.309,0.2563,0.2943,0.2863,0.005,0.1581,0.258,16.8
USR_0770,7.75,2.2,39.0,0.587,0.1319,0.4076,0.0749,0.3427,0.0429,0.242,3.3
USR_0771,18.44,6.2,61.8,0.695,0.63,0.034,0.09,0.012,0.234,0.424,1.3
USR_0772,16.99,7.6,68.6,0.766,0.3297,0.1608,0.0719,0.0979,0.3397,0.409,2.0
USR_0773,8.03,4.2,33.5,0.584,0.3117,0.2018,0.2138,0.009,0.2637,0.512,3.5
USR_0774,17.13,5.0,66.7,0.782,0.115,0.121,0.49,0.09,0.184,0.747,0.3
USR_0775,10.71,5.3,34.5,0.465,0.187,0.377,0.179,0.113,0.144,0.286,3.8
USR_0776,3.51,1.3,26.9,0.346,0.1592,0.2212,0.0941,0.037,0.4885,0.412,17.0
USR_0777,29.58,7.2,80.8,0.836,0.5245,0.0949,0.0699,0.013,0.2977,0.314,2.7
USR_0778,7.03,4.0,35.3,0.696,0.399,0.146,0.142,0.251,0.062,0.549,4.9
USR_0779,6.26,4.6,46.5,0.558,0.116,0.348,0.147,0.019,0.37,0.313,1.6
USR_0780,25.87,5.8,63.7,0.712,0.243,0.034,0.133,0.046,0.544,0.458,2.3
USR_0781,15.18,4.8,82.0,0.897,0.058,0.135,0.054,0.5,0.253,0.87,1.5
USR_0782,15.56,3.4,52.0,0.808,0.1389,0.1199,0.2837,0.2128,0.2447,0.822,1.9
USR_0783,6.92,2.4,54.1,0.629,0.3423,0.1201,0.1962,0.2913,0.0501,0.379,5.0
USR_0784,12.04,5.6,35.4,0.486,0.132,0.295,0.319,0.226,0.028,0.505,5.0
USR_0785,7.37,3.8,45.4,0.565,0.268,0.59,0.039,0.032,0.071,0.252,6.1
USR_0786,11.07,3.4,27.0,0.506,0.07,0.612,0.101,0.174,0.043,0.476,6.4
USR_0787,1.23,2.1,17.9,0.254,0.112,0.086,0.225,0.471,0.106,0.424,21.5
USR_0788,19.99,7.2,46.0,0.769,0.4164,0.044,0.0941,0.01,0.4355,0.382,2.8
USR_0789,27.83,5.9,82.2,0.746,0.0979,0.1798,0.4845,0.1798,0.058,0.859,2.2
USR_0790,7.42,3.9,47.4,0.608,0.1942,0.3544,0.1311,0.2052,0.1151,0.403,1.0
USR_0791,21.87,4.1,82.8,0.764,0.1099,0.043,0.2527,0.5175,0.0769,0.834,3.0
USR_0792,11.73,6.0,52.9,0.893,0.19,0.129,0.355,0.179,0.147,0.828,3.2
USR_0793,1.92,1.3,28.4,0.31,0.138,0.091,0.025,0.096,0.65,0.378,19.2
USR_0794,2.92,1.2,23.2,0.292,0.1822,0.4014,0.1942,0.048,0.1742,0.209,21.2
USR_0795,2.71,1.8,19.8,0.268,0.297,0.343,0.098,0.075,0.187,0.344,26.0
USR_0796,17.14,4.1,73.8,0.783,0.3243,0.028,0.2052,0.2472,0.1953,0.843,1.4
USR_0797,2.25,1.5,28.7,0.329,0.133,0.187,0.074,0.513,0.093,0.38,22.8
USR_0798,18.35,7.6,59.5,0.702,0.4166,0.0689,0.0659,0.019,0.4296,0.544,1.7
USR_0799,17.85,4.4,113.3,0.764,0.168,0.217,0.163,0.404,0.048,0.877,3.9
USR_0800,0.84,1.5,27.8,0.309,0.183,0.105,0.205,0.28,0.227,0.378,34.7
USR_0801,20.11,4.7,67.3,0.78,0.119,0.184,0.253,0.411,0.033,0.902,1.6
USR_0802,2.35,1.5,20.4,0.322,0.116,0.245,0.06,0.398,0.181,0.427,25.1
USR_0803,18.91,5.5,92.2,0.855,0.192,0.142,0.192,0.173,0.301,0.817,2.9
USR_0804,24.75,6.6,79.4,0.807,0.191,0.033,0.008,0.1,0.668,0.439,2.0
USR_0805,33.49,14.3,69.7,0.851,0.088,0.068,0.45,0.138,0.256,0.495,2.2
USR_0806,6.14,5.0,42.5,0.629,0.277,0.221,0.119,0.076,0.307,0.361,3.1
USR_0807,21.88,7.7,78.2,0.823,0.575,0.021,0.007,0.026,0.371,0.515,0.9
USR_0808,39.28,12.2,100.3,0.923,0.251,0.25,0.165,0.255,0.079,0.416,1.9
USR_0809,19.52,4.6,98.7,0.879,0.117,0.277,0.263,0.299,0.044,0.788,3.7
USR_0810,29.9,12.9,91.5,0.868,0.36,0.151,0.144,0.092,0.253,0.497,1.4
USR_0811,19.59,3.9,77.1,0.741,0.139,0.159,0.28,0.245,0.177,0.771,2.7
USR_0812,31.55,12.0,104.2,0.826,0.3237,0.2428,0.3037,0.0599,0.0699,0.507,0.8
USR_0813,23.58,7.0,70.5,0.716,0.4925,0.1021,0.01,0.0551,0.3403,0.282,2.4
USR_0814,1.95,0.8,24.7,0.322,0.361,0.263,0.039,0.193,0.144,0.217,21.9
USR_0815,1.85,1.2,18.0,0.394,0.061,0.182,0.267,0.456,0.034,0.229,25.8
USR_0816,1.94,1.6,33.1,0.343,0.575,0.135,0.021,0.154,0.115,0.346,33.1
USR_0817,0.75,1.6,27.0,0.449,0.3223,0.2042,0.0781,0.049,0.3464,0.12,26.3
USR_0818,25.74,10.3,68.4,0.741,0.43,0.032,0.142,0.044,0.352,0.395,1.8
USR_0819,28.68,14.0,95.7,0.985,0.056,0.288,0.243,0.131,0.282,0.455,0.0
USR_0820,14.46,3.5,61.8,0.84,0.136,0.216,0.294,0.166,0.188,0.924,0.3
USR_0821,7.34,2.2,33.5,0.63,0.1808,0.2667,0.0519,0.1588,0.3418,0.448,4.4
USR_0822,27.66,9.8,73.6,0.746,0.509,0.007,0.017,0.033,0.434,0.481,4.0
USR_0823,23.88,4.8,104.9,0.874,0.274,0.179,0.21,0.283,0.054,0.806,3.3
USR_0824,20.46,7.0,42.0,0.85,0.467,0.004,0.282,0.002,0.245,0.43,1.7
USR_0825,12.07,3.8,97.3,0.909,0.023,0.1578,0.4705,0.2727,0.076,0.887,4.5
USR_0826,15.76,5.2,78.8,0.818,0.141,0.193,0.227,0.126,0.313,0.849,0.4
USR_0827,1.29,1.0,24.2,0.427,0.072,0.133,0.018,0.712,0.065,0.345,24.2
USR_0828,38.58,11.9,60.0,0.891,0.0711,0.0891,0.2573,0.1972,0.3853,0.422,1.9
USR_0829,7.8,3.5,38.8,0.481,0.251,0.265,0.04,0.322,0.122,0.39,5.5
USR_0830,18.86,8.6,74.6,0.84,0.35,0.059,0.003,0.006,0.582,0.333,2.3
USR_0831,7.31,2.6,20.6,0.509,0.1842,0.2703,0.1181,0.2282,0.1992,0.348,2.7
USR_0832,19.11,7.6,66.1,0.703,0.3644,0.026,0.01,0.035,0.5646,0.42,0.5
USR_0833,0.81,1.5,26.1,0.428,0.1948,0.2138,0.3656,0.1079,0.1179,0.183,28.9
USR_0834,34.82,11.0,94.7,0.889,0.1499,0.0589,0.2338,0.2288,0.3286,0.396,0.0
USR_0835,34.83,13.0,76.7,0.851,0.016,0.1508,0.2887,0.2208,0.3237,0.509,1.7
USR_0836,22.5,7.7,65.0,0.69,0.692,0.005,0.05,0.005,0.248,0.421,3.7
USR_0837,19.18,4.9,71.6,0.842,0.232,0.042,0.362,0.305,0.059,0.838,3.3
USR_0838,1.79,1.6,17.4,0.186,0.329,0.226,0.245,0.154,0.046,0.395,38.6
USR_0839,15.43,5.4,106.9,0.82,0.147,0.188,0.263,0.358,0.044,0.755,0.0
USR_0840,16.97,7.8,72.4,0.772,0.444,0.006,0.042,0.003,0.505,0.387,1.9
USR_0841,20.25,4.3,79.0,0.844,0.242,0.063,0.133,0.374,0.188,0.816,1.5
USR_0842,20.55,9.0,73.8,0.779,0.4426,0.0649,0.029,0.023,0.4405,0.444,3.6
USR_0843,19.44,8.7,64.6,0.611,0.337,0.04,0.036,0.078,0.509,0.466,0.4
USR_0844,36.03,14.7,109.1,0.846,0.154,0.416,0.109,0.207,0.114,0.438,0.1
USR_0845,24.81,6.2,62.1,0.76,0.2188,0.2398,0.024,0.0739,0.4435,0.463,3.1
USR_0846,21.45,8.9,68.5,0.775,0.45,0.117,0.057,0.002,0.374,0.508,2.4
USR_0847,20.9,3.0,90.2,0.84,0.192,0.072,0.39,0.259,0.087,0.872,2.9
USR_0848,7.77,3.2,50.5,0.543,0.159,0.333,0.072,0.333,0.103,0.336,2.3
USR_0849,18.42,4.1,65.3,0.777,0.158,0.069,0.599,0.088,0.086,0.895,3.5
USR_0850,41.29,10.9,79.9,0.95,0.16,0.308,0.075,0.179,0.278,0.305,1.5
USR_0851,35.93,18.7,73.8,0.837,0.168,0.396,0.126,0.042,0.268,0.549,1.4
USR_0852,12.63,8.2,68.2,0.745,0.375,0.019,0.148,0.028,0.43,0.542,3.1
USR_0853,2.07,0.8,26.8,0.363,0.2973,0.0881,0.0711,0.1782,0.3653,0.217,14.2
USR_0854,37.79,18.5,90.3,0.888,0.355,0.194,0.015,0.293,0.143,0.367,1.0
USR_0855,31.4,14.0,106.6,0.837,0.471,0.168,0.041,0.084,0.236,0.356,2.4
USR_0856,37.88,12.6,105.6,0.865,0.02,0.3816,0.2308,0.3077,0.0599,0.36,1.7
USR_0857,1.51,1.4,17.2,0.313,0.3263,0.2773,0.0841,0.1371,0.1752,0.19,24.4
USR_0858,6.66,3.1,39.1,0.482,0.3387,0.4505,0.0879,0.038,0.0849,0.387,8.0
USR_0859,18.59,4.4,93.2,0.844,0.066,0.402,0.326,0.142,0.064,0.85,0.6
USR_0860,14.36,5.8,72.9,0.784,0.522,0.092,0.085,0.019,0.282,0.392,1.0
USR_0861,7.85,3.5,37.3,0.589,0.0659,0.5335,0.2887,0.042,0.0699,0.317,3.7
USR_0862,6.2,3.1,31.1,0.55,0.2767,0.1978,0.0549,0.2997,0.1709,0.27,5.2
USR_0863,6.16,3.3,34.3,0.537,0.1542,0.4835,0.1151,0.1481,0.0991,0.549,3.9
USR_0864,27.34,8.4,70.4,0.817,0.334,0.026,0.116,0.032,0.492,0.451,2.8
USR_0865,9.51,3.9,26.4,0.56,0.067,0.298,0.41,0.041,0.184,0.341,2.8
USR_0866,20.46,4.7,74.0,0.77,0.064,0.222,0.322,0.316,0.076,0.739,2.3
USR_0867,14.11,5.9,95.5,0.863,0.134,0.137,0.139,0.453,0.137,0.811,3.1
USR_0868,40.07,14.7,74.3,0.881,0.391,0.138,0.298,0.049,0.124,0.466,1.0
USR_0869,30.47,17.5,75.4,0.826,0.104,0.252,0.272,0.192,0.18,0.309,1.7
USR_0870,24.82,2.0,59.4,0.8,0.129,0.174,0.309,0.305,0.083,0.806,4.0
USR_0871,18.85,4.7,76.0,0.87,0.093,0.151,0.447,0.269,0.04,0.859,1.4
USR_0872,36.5,12.4,68.8,0.877,0.2008,0.036,0.1389,0.4615,0.1628,0.497,1.9
USR_0873,0.98,1.6,33.8,0.359,0.188,0.222,0.134,0.06,0.396,0.231,30.7
USR_0874,24.13,5.0,77.9,0.712,0.251,0.038,0.267,0.14,0.304,0.818,5.7
USR_0875,2.88,1.2,29.2,0.288,0.0951,0.3483,0.025,0.2603,0.2713,0.385,22.3
USR_0876,0.88,1.2,31.7,0.31,0.1882,0.1071,0.03,0.1952,0.4795,0.369,28.9
USR_0877,40.06,18.7,85.9,0.887,0.1772,0.2543,0.0741,0.2092,0.2852,0.502,2.5
USR_0878,14.96,9.3,55.6,0.887,0.5736,0.047,0.001,0.011,0.3674,0.369,0.1
USR_0879,27.38,18.7,87.6,0.824,0.205,0.064,0.236,0.113,0.382,0.432,2.2
USR_0880,45.33,15.9,91.2,0.891,0.1522,0.2112,0.1732,0.0601,0.4033,0.554,0.3
USR_0881,39.69,12.0,93.2,0.859,0.18,0.072,0.374,0.221,0.153,0.396,2.0
USR_0882,23.96,5.6,66.5,0.857,0.095,0.205,0.375,0.206,0.119,0.836,2.9
USR_0883,8.72,3.9,23.3,0.568,0.4174,0.3534,0.1011,0.022,0.1061,0.452,4.7
USR_0884,35.64,13.7,93.2,0.978,0.193,0.289,0.34,0.021,0.157,0.461,2.0
USR_0885,19.18,6.5,57.0,0.791,0.618,0.006,0.088,0.01,0.278,0.555,2.0
USR_0886,32.14,17.6,95.2,0.859,0.262,0.243,0.142,0.298,0.055,0.335,1.3
USR_0887,24.6,9.0,80.5,0.835,0.4286,0.031,0.1249,0.033,0.3825,0.52,1.7
USR_0888,32.62,16.6,96.1,0.858,0.192,0.137,0.258,0.276,0.137,0.369,0.2
USR_0889,1.78,0.9,23.8,0.48,0.095,0.115,0.39,0.163,0.237,0.352,24.2
USR_0890,11.3,3.2,28.4,0.649,0.208,0.15,0.217,0.386,0.039,0.379,4.3
USR_0891,23.16,9.9,74.3,0.731,0.4046,0.042,0.0559,0.0619,0.4356,0.413,1.1
USR_0892,21.44,7.1,53.3,0.758,0.248,0.179,0.267,0.003,0.303,0.525,2.7
USR_0893,25.66,5.8,78.9,0.822,0.216,0.163,0.052,0.021,0.548,0.4,3.3
USR_0894,10.69,4.8,41.6,0.515,0.3834,0.4174,0.0931,0.0791,0.027,0.49,4.3
USR_0895,23.52,8.2,62.1,0.829,0.2903,0.038,0.1321,0.0881,0.4515,0.504,2.6
USR_0896,4.37,3.5,33.9,0.614,0.058,0.412,0.318,0.18,0.032,0.436,1.7
USR_0897,21.13,8.2,59.5,0.757,0.261,0.107,0.001,0.061,0.57,0.475,1.5
USR_0898,21.64,3.9,87.3,0.808,0.122,0.07,0.428,0.231,0.149,0.814,2.5
USR_0899,9.66,4.3,48.2,0.626,0.1101,0.5235,0.1572,0.0731,0.1361,0.442,7.7
USR_0900,1.37,1.7,22.6,0.431,0.069,0.121,0.136,0.226,0.448,0.409,14.5
USR_0901,24.1,7.9,60.8,0.646,0.594,0.018,0.011,0.031,0.346,0.401,1.8
USR_0902,0.78,1.5,24.7,0.239,0.164,0.27,0.169,0.27,0.127,0.213,25.8
USR_0903,6.26,3.7,31.5,0.568,0.276,0.191,0.211,0.175,0.147,0.344,4.8
USR_0904,38.8,17.9,118.4,0.819,0.292,0.174,0.365,0.109,0.06,0.499,1.0
USR_0905,39.94,12.7,82.1,0.936,0.128,0.161,0.101,0.419,0.191,0.426,0.9
USR_0906,17.05,6.2,81.9,0.68,0.144,0.039,0.194,0.391,0.232,0.819,1.8
USR_0907,20.23,6.5,75.5,0.669,0.4216,0.038,0.1349,0.009,0.3965,0.288,2.6
USR_0908,10.9,3.7,32.1,0.595,0.2152,0.3634,0.1952,0.0901,0.1361,0.373,5.6
USR_0909,20.75,8.2,59.0,0.772,0.374,0.1,0.13,0.001,0.395,0.601,1.8
USR_0910,20.25,3.6,93.1,0.824,0.2278,0.1918,0.3367,0.1139,0.1298,0.809,2.8
USR_0911,18.08,6.0,76.6,0.828,0.5235,0.1648,0.006,0.042,0.2637,0.545,2.0
USR_0912,16.95,6.4,80.0,0.874,0.576,0.132,0.005,0.007,0.28,0.396,2.9
USR_0913,38.02,11.3,83.8,0.852,0.134,0.48,0.126,0.071,0.189,0.423,0.4
USR_0914,19.9,4.1,63.5,0.795,0.11,0.033,0.239,0.426,0.192,0.795,2.4
USR_0915,6.71,4.3,36.6,0.561,0.108,0.478,0.117,0.06,0.237,0.415,7.0
USR_0916,35.31,9.9,94.5,0.858,0.3023,0.1772,0.2272,0.1622,0.1311,0.22,0.8
USR_0917,2.04,2.1,28.3,0.445,0.1381,0.2873,0.2372,0.1001,0.2373,0.34,36.8
USR_0918,2.33,1.0,31.0,0.318,0.115,0.454,0.188,0.164,0.079,0.434,35.5
USR_0919,18.17,4.8,66.8,0.895,0.128,0.05,0.324,0.492,0.006,0.778,4.7
USR_0920,34.9,12.2,71.6,0.806,0.075,0.12,0.265,0.253,0.287,0.434,1.6
USR_0921,31.31,17.0,91.2,0.864,0.131,0.324,0.039,0.234,0.272,0.348,1.5
USR_0922,40.11,10.7,118.0,0.904,0.353,0.236,0.128,0.207,0.076,0.4,1.1
USR_0923,30.09,8.5,88.8,0.68,0.343,0.082,0.002,0.054,0.519,0.374,3.1
USR_0924,16.29,4.5,88.1,0.838,0.291,0.101,0.161,0.107,0.34,0.841,2.7
USR_0925,5.71,4.7,30.3,0.678,0.2697,0.3836,0.2098,0.0609,0.076,0.391,3.7
USR_0926,12.74,1.6,52.1,0.513,0.204,0.674,0.023,0.075,0.024,0.279,2.5
USR_0927,10.14,3.8,34.1,0.624,0.2834,0.4162,0.0908,0.0649,0.1447,0.2,2.1
USR_0928,40.84,16.4,71.7,0.826,0.084,0.283,0.188,0.182,0.263,0.313,0.7
USR_0929,5.41,4.3,28.2,0.523,0.399,0.269,0.073,0.065,0.194,0.55,5.7
USR_0930,1.01,0.9,22.7,0.376,0.145,0.227,0.104,0.3,0.224,0.12,21.3
USR_0931,21.89,5.2,82.5,0.78,0.04,0.121,0.44,0.252,0.147,0.818,3.3
USR_0932,7.47,3.6,39.6,0.544,0.189,0.474,0.113,0.14,0.084,0.367,4.4
USR_0933,29.32,5.1,57.4,0.797,0.278,0.192,0.011,0.003,0.516,0.487,0.5
USR_0934,3.99,5.1,38.1,0.595,0.349,0.172,0.173,0.194,0.112,0.37,2.7
USR_0935,26.43,12.6,102.1,0.865,0.115,0.156,0.211,0.24,0.278,0.46,2.0
USR_0936,8.76,4.6,41.9,0.589,0.504,0.268,0.063,0.124,0.041,0.361,6.3
USR_0937,18.98,3.4,77.8,0.896,0.167,0.177,0.157,0.234,0.265,0.742,1.5
USR_0938,5.69,2.4,46.9,0.631,0.37,0.277,0.045,0.102,0.206,0.356,5.7
USR_0939,8.66,4.3,28.0,0.59,0.462,0.285,0.144,0.066,0.043,0.382,1.4
USR_0940,40.11,14.8,84.2,0.943,0.106,0.375,0.328,0.155,0.036,0.411,1.7
USR_0941,0.2,1.6,33.5,0.178,0.481,0.124,0.076,0.295,0.024,0.456,33.3
USR_0942,1.74,0.7,34.9,0.312,0.0879,0.3367,0.1049,0.4136,0.0569,0.413,18.9
USR_0943,20.57,4.0,84.8,0.787,0.2132,0.2162,0.3924,0.1692,0.009,0.794,1.2
USR_0944,20.43,8.3,60.6,0.755,0.228,0.032,0.012,0.186,0.542,0.527,1.5
USR_0945,14.77,4.8,70.1,0.85,0.1888,0.1848,0.0789,0.5005,0.047,0.886,4.5
USR_0946,1.57,0.7,23.4,0.339,0.036,0.1129,0.1518,0.6404,0.0589,0.203,30.9
USR_0947,20.56,4.8,84.7,0.743,0.076,0.052,0.21,0.291,0.371,0.721,2.6
USR_0948,1.81,2.0,25.1,0.438,0.675,0.171,0.115,0.023,0.016,0.473,16.3
USR_0949,8.94,3.7,26.6,0.556,0.166,0.118,0.518,0.162,0.036,0.399,7.0
USR_0950,22.18,3.6,88.0,0.78,0.0809,0.038,0.2847,0.3886,0.2078,0.811,2.8
USR_0951,1.81,0.4,19.4,0.307,0.181,0.214,0.125,0.086,0.394,0.213,19.6
USR_0952,14.05,3.6,84.6,0.754,0.15,0.024,0.163,0.283,0.38,0.903,4.6
USR_0953,19.43,6.7,66.8,0.738,0.411,0.028,0.002,0.065,0.494,0.35,2.6
USR_0954,28.43,15.1,110.3,0.859,0.238,0.412,0.162,0.067,0.121,0.248,1.4
USR_0955,27.2,5.8,75.9,0.714,0.0871,0.0681,0.0691,0.0521,0.7236,0.39,1.6
USR_0956,23.29,8.2,60.7,0.767,0.511,0.037,0.209,0.021,0.222,0.25,3.0
USR_0957,19.31,5.2,87.4,0.851,0.147,0.074,0.562,0.202,0.015,0.848,4.3
USR_0958,18.69,4.9,68.1,0.869,0.213,0.132,0.001,0.058,0.596,0.288,1.7
USR_0959,21.19,2.4,88.0,0.802,0.1031,0.3313,0.1962,0.3413,0.0281,0.876,1.5
USR_0960,37.66,14.2,82.7,0.865,0.079,0.316,0.23,0.068,0.307,0.499,1.4
USR_0961,22.41,5.2,74.2,0.883,0.113,0.206,0.288,0.138,0.255,0.837,2.4
USR_0962,18.54,4.2,77.8,0.828,0.087,0.178,0.336,0.23,0.169,0.836,3.1
USR_0963,2.3,0.8,25.4,0.277,0.1139,0.2348,0.3197,0.1229,0.2087,0.222,21.2
USR_0964,24.62,7.3,59.6,0.701,0.2967,0.0629,0.0799,0.028,0.5325,0.403,2.5
USR_0965,7.13,4.3,33.5,0.501,0.178,0.495,0.171,0.122,0.034,0.283,3.0
USR_0966,34.87,13.7,95.5,0.835,0.177,0.276,0.32,0.072,0.155,0.515,0.9
USR_0967,5.97,5.0,37.2,0.563,0.0789,0.2178,0.1948,0.3127,0.1958,0.286,5.4
USR_0968,10.37,5.2,42.6,0.589,0.2787,0.2288,0.039,0.2527,0.2008,0.364,6.1
USR_0969,31.13,12.2,105.6,0.859,0.1906,0.1926,0.2186,0.3104,0.0878,0.465,2.4
USR_0970,9.01,2.3,34.4,0.57,0.095,0.182,0.101,0.212,0.41,0.356,2.3
USR_0971,1.24,0.5,22.4,0.437,0.09,0.413,0.111,0.005,0.381,0.443,26.1
USR_0972,40.28,11.5,116.4,0.858,0.139,0.058,0.252,0.236,0.315,0.6,1.5
USR_0973,9.74,3.6,27.4,0.57,0.209,0.37,0.087,0.114,0.22,0.278,6.3
USR_0974,25.38,6.8,88.9,0.754,0.3664,0.0891,0.1301,0.04,0.3744,0.495,3.3
USR_0975,9.3,4.0,44.9,0.601,0.1578,0.5704,0.1339,0.0599,0.078,0.383,3.6
USR_0976,22.01,4.4,79.0,0.771,0.063,0.122,0.238,0.409,0.168,0.827,3.2
USR_0977,6.07,4.2,37.4,0.571,0.345,0.132,0.431,0.073,0.019,0.361,3.3
USR_0978,23.25,8.2,42.1,0.7,0.3377,0.1219,0.1019,0.01,0.4285,0.385,3.6
USR_0979,8.33,3.8,44.0,0.64,0.3223,0.2022,0.2202,0.0931,0.1622,0.382,5.1
USR_0980,24.09,6.2,70.6,0.678,0.245,0.021,0.165,0.05,0.519,0.257,1.8
USR_0981,28.25,14.7,95.3,0.897,0.4436,0.2018,0.1309,0.1359,0.0878,0.375,2.1
USR_0982,17.92,8.9,58.8,0.714,0.37,0.132,0.002,0.1,0.396,0.314,1.5
USR_0983,2.62,2.2,22.1,0.258,0.333,0.126,0.035,0.155,0.351,0.449,27.9
USR_0984,34.83,13.7,86.9,0.908,0.1231,0.4364,0.038,0.3684,0.0341,0.529,1.7
USR_0985,6.48,3.4,21.9,0.558,0.173,0.28,0.092,0.252,0.203,0.439,1.3
USR_0986,37.64,12.7,95.7,0.85,0.2268,0.1409,0.1968,0.2178,0.2177,0.402,2.5
USR_0987,8.6,2.9,27.3,0.543,0.265,0.186,0.083,0.231,0.235,0.462,6.8
USR_0988,11.99,4.0,29.0,0.659,0.3423,0.2953,0.1922,0.1021,0.0681,0.348,3.1
USR_0989,34.42,17.3,131.0,0.879,0.078,0.35,0.318,0.172,0.082,0.421,1.7
USR_0990,13.37,4.5,112.8,0.829,0.068,0.234,0.197,0.184,0.317,0.839,2.3
USR_0991,31.45,14.5,124.1,0.827,0.3133,0.043,0.2152,0.3063,0.1222,0.445,1.8
USR_0992,17.73,2.0,79.1,0.857,0.147,0.337,0.311,0.177,0.028,0.766,5.1
USR_0993,43.33,12.3,122.5,0.909,0.261,0.327,0.199,0.155,0.058,0.508,1.5
USR_0994,22.47,7.8,69.0,0.715,0.5666,0.0791,0.005,0.003,0.3463,0.566,2.5
USR_0995,43.69,12.9,94.3,0.841,0.233,0.179,0.132,0.307,0.149,0.442,1.4
USR_0996,45.43,16.5,103.1,0.879,0.118,0.222,0.106,0.38,0.174,0.364,2.3
USR_0997,7.78,4.2,25.6,0.626,0.136,0.583,0.119,0.025,0.137,0.473,6.0
USR_0998,3.0,1.3,23.6,0.227,0.201,0.11,0.298,0.292,0.099,0.366,15.3
USR_0999,9.81,2.9,44.8,0.535,0.2278,0.3007,0.0539,0.3347,0.0829,0.441,5.0
USR_1000,34.29,12.2,102.4,0.982,0.319,0.055,0.179,0.313,0.134,0.43,0.5
